project,sprint.name,sprint.startDate,sprint.endDate,key,sprint.length
apstud,2012 Sprint 02,2012-01-01 18:54:32.727272728+00:00,2012-01-27 00:00:00+00:00,32,25 days 05:05:27.272727272
apstud,2012 Sprint 03,2012-01-27 00:00:00+00:00,2012-02-10 00:00:00+00:00,23,14 days 00:00:00.000000000
apstud,2012 Sprint 04,2012-02-10 00:00:00+00:00,2012-02-24 00:00:00+00:00,18,14 days 00:00:00.000000000
apstud,2012 Sprint 05,2012-02-24 00:00:00+00:00,2012-03-09 00:00:00+00:00,20,14 days 00:00:00.000000000
apstud,2012 Sprint 06,2012-03-09 00:00:00+00:00,2012-03-23 00:00:00+00:00,24,14 days 00:00:00.000000000
apstud,2012 Sprint 07,2012-03-23 00:00:00+00:00,2012-04-06 00:00:00+00:00,21,14 days 00:00:00.000000000
apstud,2012 Sprint 08,2012-04-06 00:00:00+00:00,2012-04-20 00:00:00+00:00,25,14 days 00:00:00.000000000
apstud,2012 Sprint 10,2012-04-20 00:00:00+00:00,2012-05-21 00:00:00+00:00,34,31 days 00:00:00.000000000
apstud,2012 Sprint 09,2012-05-21 00:00:00+00:00,2012-05-31 00:00:00+00:00,35,10 days 00:00:00.000000000
apstud,2012 Sprint 11,2012-05-31 00:00:00+00:00,2012-06-04 00:00:00+00:00,18,4 days 00:00:00.000000000
apstud,2012 Sprint 12,2012-06-04 00:00:00+00:00,2012-06-15 00:00:00+00:00,23,11 days 00:00:00.000000000
apstud,2012 Sprint 13,2012-06-15 00:00:00+00:00,2012-06-29 00:00:00+00:00,31,14 days 00:00:00.000000000
apstud,2012 Sprint 14,2012-06-29 00:00:00+00:00,2012-07-27 00:00:00+00:00,20,28 days 00:00:00.000000000
apstud,2012 Sprint 15,2012-07-27 00:00:00+00:00,2012-07-30 00:00:00+00:00,22,3 days 00:00:00.000000000
apstud,2012 Sprint 16,2012-07-30 00:00:00+00:00,2012-08-13 00:00:00+00:00,17,14 days 00:00:00.000000000
apstud,2012 Sprint 17,2012-08-13 00:00:00+00:00,2012-08-27 00:00:00+00:00,24,14 days 00:00:00.000000000
apstud,2012 Sprint 18,2012-08-27 00:00:00+00:00,2012-09-10 00:00:00+00:00,15,14 days 00:00:00.000000000
apstud,2012 Sprint 19,2012-09-10 00:00:00+00:00,2012-09-24 00:00:00+00:00,15,14 days 00:00:00.000000000
apstud,2012 Sprint 20,2012-09-24 00:00:00+00:00,2012-10-08 00:00:00+00:00,6,14 days 00:00:00.000000000
apstud,2012 Sprint 21,2012-10-08 00:00:00+00:00,2012-10-22 00:00:00+00:00,5,14 days 00:00:00.000000000
apstud,2012 Sprint 22,2012-10-22 00:00:00+00:00,2012-11-05 00:00:00+00:00,3,14 days 00:00:00.000000000
apstud,2012 Sprint 23,2012-11-05 00:00:00+00:00,2012-11-19 00:00:00+00:00,3,14 days 00:00:00.000000000
apstud,2012 Sprint 24,2012-11-19 00:00:00+00:00,2012-12-03 00:00:00+00:00,1,14 days 00:00:00.000000000
apstud,2012 Sprint 25,2012-12-03 00:00:00+00:00,2012-12-17 00:00:00+00:00,2,14 days 00:00:00.000000000
apstud,2012 Sprint 26,2012-12-17 00:00:00+00:00,2012-12-31 00:00:00+00:00,1,14 days 00:00:00.000000000
apstud,2013 Sprint 01,2012-12-31 00:00:00+00:00,2013-01-14 00:00:00+00:00,3,14 days 00:00:00.000000000
apstud,2013 Sprint 02,2013-01-14 00:00:00+00:00,2013-01-28 00:00:00+00:00,4,14 days 00:00:00.000000000
apstud,2013 Sprint 13,2013-01-28 00:00:00+00:00,2013-07-01 00:00:00+00:00,1,154 days 00:00:00.000000000
apstud,2013 Sprint 14,2013-07-01 00:00:00+00:00,2013-07-15 00:00:00+00:00,1,14 days 00:00:00.000000000
apstud,2013 Sprint 21,2013-07-15 00:00:00+00:00,2013-10-18 00:00:00+00:00,1,95 days 00:00:00.000000000
apstud,2013 Sprint 24,2013-10-18 00:00:00+00:00,2013-11-29 00:00:00+00:00,1,42 days 00:00:00.000000000
apstud,2014 Sprint 01,2013-11-29 00:00:00+00:00,2014-01-17 00:00:00+00:00,1,49 days 00:00:00.000000000
apstud,2014 Sprint 08,2014-01-17 00:00:00+00:00,2014-04-24 00:00:00+00:00,1,97 days 00:00:00.000000000
apstud,2014 Sprint 09,2014-04-24 00:00:00+00:00,2014-05-08 00:00:00+00:00,1,14 days 00:00:00.000000000
dnn,Sprint 0,2013-07-23 15:30:56.975000+00:00,2013-07-29 15:30:00+00:00,210,5 days 23:59:03.025000000
dnn,Sprint 1,2013-08-05 14:38:00+00:00,2013-08-13 21:00:00+00:00,877,8 days 06:22:00.000000000
dnn,Sprint 2,2013-08-14 21:32:59.218000+00:00,2013-08-27 23:01:59.218000+00:00,1153,13 days 01:29:00.000000000
dnn,Sprint 3,2013-08-27 23:00:00+00:00,2013-09-17 22:00:00+00:00,1399,20 days 23:00:00.000000000
dnn,Sprint 4,2013-09-17 23:17:53.776000+00:00,2013-10-07 23:17:00+00:00,1477,19 days 23:59:06.224000000
dnn,Sprint 5,2013-10-09 22:30:00+00:00,2013-10-30 06:59:00+00:00,918,20 days 08:29:00.000000000
dnn,Sprint 7,2013-10-25 21:49:16.311000+00:00,2013-11-08 22:49:00+00:00,36,14 days 00:59:43.689000000
dnn,Sprint 6,2013-10-30 18:28:56.748000+00:00,2013-11-12 19:28:00+00:00,1591,13 days 00:59:03.252000000
dnn,7.2.1 Sprint 2,2013-11-12 21:34:52.368000+00:00,2013-11-25 21:34:00+00:00,1548,12 days 23:59:07.632000000
dnn,7.2.1 Sprint 3,2013-11-25 22:04:00+00:00,2013-12-10 20:02:00+00:00,1752,14 days 21:58:00.000000000
dnn,7.2.1 Sprint 4,2013-12-10 19:21:59.944000+00:00,2014-01-06 19:21:00+00:00,1794,26 days 23:59:00.056000000
dnn,7.2.1 Sprint 3,2013-12-10 18:03:20.118000+00:00,2014-01-07 18:03:00+00:00,16,27 days 23:59:39.882000000
dnn,7.2.1 Sprint 5,2014-01-06 19:29:29.691000+00:00,2014-01-13 19:29:00+00:00,480,6 days 23:59:30.309000000
dnn,7.2.2 Sprint 1 (Platform),2014-01-14 17:57:58.081000+00:00,2014-01-28 05:57:00+00:00,610,13 days 11:59:01.919000000
dnn,7.2.2 Sprint 2,2014-01-28 19:00:00+00:00,2014-02-11 02:00:00+00:00,639,13 days 07:00:00.000000000
dnn,7.2.2 Sprint 3,2014-02-11 18:00:00+00:00,2014-02-25 02:00:00+00:00,538,13 days 08:00:00.000000000
dnn,7.3.0 Sprint 1,2014-02-25 18:00:49.532000+00:00,2014-03-11 01:00:00+00:00,559,13 days 06:59:10.468000000
dnn,7.3.0 Sprint 2,2014-03-12 17:00:00+00:00,2014-03-25 04:00:00+00:00,654,12 days 11:00:00.000000000
dnn,7.3.0 Sprint 3,2014-03-25 19:00:00+00:00,2014-04-08 05:00:00+00:00,568,13 days 10:00:00.000000000
dnn,7.3.0 Sprint 4,2014-04-08 17:10:00+00:00,2014-04-23 04:00:00+00:00,575,14 days 10:50:00.000000000
dnn,7.3.0 Sprint 5,2014-04-23 17:00:00+00:00,2014-05-06 04:00:00+00:00,380,12 days 11:00:00.000000000
dnn,7.3.0 Sprint 6,2014-05-06 17:00:00+00:00,2014-05-21 01:00:00+00:00,417,14 days 08:00:00.000000000
dnn,7.3.1 Sprint 1,2014-05-21 17:00:00+00:00,2014-06-03 01:00:00+00:00,183,12 days 08:00:00.000000000
dnn,2.0.1 Sprint 2,2014-05-21 19:25:07.183000+00:00,2014-06-04 19:30:00+00:00,1,14 days 00:04:52.817000000
dnn,7.3.1 Sprint 2,2014-06-04 17:00:01.823000+00:00,2014-06-17 01:00:00+00:00,367,12 days 07:59:58.177000000
dnn,7.3.2 Sprint 1,2014-06-17 17:00:00+00:00,2014-07-02 01:00:00+00:00,367,14 days 08:00:00.000000000
dnn,2.0.1 Sprint 4,2014-06-19 17:30:06.730000+00:00,2014-07-02 17:30:00+00:00,100,12 days 23:59:53.270000000
dnn,7.3.2 Sprint 2,2014-07-02 18:00:00+00:00,2014-07-08 01:00:00+00:00,355,5 days 07:00:00.000000000
dnn,2.0.1 Sprint 5,2014-07-03 00:24:26.580000+00:00,2014-07-17 00:24:00+00:00,1,13 days 23:59:33.420000000
dnn,7.3.2 Sprint 3,2014-07-09 16:58:24.162000+00:00,2014-07-22 16:58:00+00:00,292,12 days 23:59:35.838000000
dnn,7.3.2 Sprint 4,2014-07-22 18:19:57.340000+00:00,2014-08-05 18:19:00+00:00,161,13 days 23:59:02.660000000
dnn,2.1 Sprint 2,2014-07-30 21:05:00+00:00,2014-08-13 20:48:00+00:00,2,13 days 23:43:00.000000000
dnn,8.0.0 Sprint 1,2014-08-05 17:16:09.030000+00:00,2014-08-19 17:16:00+00:00,46,13 days 23:59:50.970000000
dnn,2.1 Sprint 3,2014-08-14 18:12:32.329000+00:00,2014-08-28 18:12:00+00:00,19,13 days 23:59:27.671000000
dnn,2.1 Sprint 4,2014-09-02 23:02:34.407000+00:00,2014-09-16 23:02:00+00:00,16,13 days 23:59:25.593000000
dnn,8.0.0 Sprint 3,2014-09-03 17:27:04.108000+00:00,2014-09-17 17:27:00+00:00,36,13 days 23:59:55.892000000
dnn,8.0.0 - Sprint 4,2014-09-18 17:00:00+00:00,2014-09-30 05:00:00+00:00,37,11 days 12:00:00.000000000
dnn,8.0.0 - Sprint 5,2014-09-30 18:00:00+00:00,2014-10-14 05:00:00+00:00,40,13 days 11:00:00.000000000
dnn,2.1 - Feature Frozen,2014-10-02 17:00:00+00:00,2014-10-16 17:00:00+00:00,4,14 days 00:00:00.000000000
dnn,8.0.0 - Sprint 6,2014-10-14 18:00:00+00:00,2014-10-28 05:00:00+00:00,58,13 days 11:00:00.000000000
dnn,3.0 - Sprint 1,2014-10-18 00:01:23.368000+00:00,2014-11-01 00:01:00+00:00,14,13 days 23:59:36.632000000
dnn,8.0.0 - Sprint 7,2014-10-28 18:00:45.491000+00:00,2014-11-11 05:00:00+00:00,78,13 days 10:59:14.509000000
dnn,3.0 - Sprint 2,2014-11-04 05:00:00+00:00,2014-11-18 03:59:00+00:00,15,13 days 22:59:00.000000000
dnn,8.0.0 - Sprint 8,2014-11-11 17:00:00+00:00,2014-11-25 02:00:00+00:00,79,13 days 09:00:00.000000000
dnn,3.0 - Sprint 3,2014-11-19 19:33:00+00:00,2014-12-03 19:33:00+00:00,123,14 days 00:00:00.000000000
dnn,8.0.0 - Sprint 9,2014-11-25 19:00:00+00:00,2014-12-09 02:00:00+00:00,84,13 days 07:00:00.000000000
dnn,3.0 - Sprint 4,2014-12-03 19:33:52.179000+00:00,2014-12-17 19:33:00+00:00,121,13 days 23:59:07.821000000
dnn,8.0.0 - Sprint 10,2014-12-11 18:00:00+00:00,2014-12-24 02:00:00+00:00,76,12 days 08:00:00.000000000
dnn,8.0.0 - Sprint 11,2014-12-23 18:16:52.842000+00:00,2015-01-06 18:16:00+00:00,35,13 days 23:59:07.158000000
dnn,8.0.0 - Sprint 12,2015-01-08 21:00:00+00:00,2015-01-23 19:25:00+00:00,9,14 days 22:25:00.000000000
dnn,8.1.0 - Sprint 1,2015-02-04 15:23:57.101000+00:00,2015-02-18 15:23:00+00:00,109,13 days 23:59:02.899000000
dnn,8.1.0 - Sprint 1,2015-02-04 15:24:18.193000+00:00,2015-02-18 15:24:00+00:00,135,13 days 23:59:41.807000000
dnn,8.1.0 - Sprint 2,2015-02-20 16:52:44.867000+00:00,2015-03-05 16:52:00+00:00,104,12 days 23:59:15.133000000
dnn,8.1.0 - Sprint 2,2015-02-19 21:47:02.305000+00:00,2015-03-05 21:47:00+00:00,134,13 days 23:59:57.695000000
dnn,7.5.0 - Sprint 1,2015-02-26 20:43:57.546000+00:00,2015-03-11 19:43:00+00:00,10,12 days 22:59:02.454000000
dnn,Engage 8.1.0 - Sprint 3,2015-03-06 00:08:16.609000+00:00,2015-03-19 23:08:00+00:00,125,13 days 22:59:43.391000000
dnn,Content 8.1.0 - Sprint 3,2015-03-06 01:24:42.657000+00:00,2015-03-20 00:24:00+00:00,1,13 days 22:59:17.343000000
dnn,Platform 7.5.0 - Sprint 2,2015-03-11 20:39:46.532000+00:00,2015-03-25 20:39:00+00:00,153,13 days 23:59:13.468000000
dnn,Content 8.1.0 - Sprint 4,2015-03-19 22:56:34.207000+00:00,2015-04-02 22:56:00+00:00,109,13 days 23:59:25.793000000
dnn,Platform 8.0 - Sprint 3,2015-03-26 15:27:30.988000+00:00,2015-04-08 15:27:00+00:00,64,12 days 23:59:29.012000000
dnn,Engage 8.1.0 - Sprint 5,2015-04-03 06:11:29.221000+00:00,2015-04-17 06:11:00+00:00,100,13 days 23:59:30.779000000
dnn,Content 8.1.0 - Sprint 5,2015-04-03 06:16:10.252000+00:00,2015-04-17 06:16:00+00:00,35,13 days 23:59:49.748000000
dnn,8.1.0 - Sprint 6 (FF),2015-04-06 15:49:06.380000+00:00,2015-04-20 15:49:00+00:00,4,13 days 23:59:53.620000000
dnn,Content 8.1.0 - Sprint 6 (FF),2015-04-20 22:32:00+00:00,2015-05-04 20:32:00+00:00,7,13 days 22:00:00.000000000
dnn,Platform 8.0 - Sprint 4,2015-04-30 15:22:18.064000+00:00,2015-05-13 15:22:00+00:00,153,12 days 23:59:41.936000000
dnn,Engage 8.2.0 - Sprint 1,2015-05-26 15:36:55.552000+00:00,2015-06-09 13:36:00+00:00,106,13 days 21:59:04.448000000
dnn,Content 8.2.0 - Sprint 1,2015-05-26 15:37:40.110000+00:00,2015-06-09 15:37:00+00:00,32,13 days 23:59:19.890000000
dnn,Platform 8.0 - Sprint 5,2015-05-15 16:37:47.005000+00:00,2015-06-10 16:37:00+00:00,148,25 days 23:59:12.995000000
dnn,Engage 8.2.0 - Sprint 2,2015-06-11 23:03:56.440000+00:00,2015-06-25 21:03:00+00:00,5,13 days 21:59:03.560000000
dnn,Content 8.2.0 - Sprint 2,2015-06-11 23:53:48.211000+00:00,2015-06-25 23:53:00+00:00,43,13 days 23:59:11.789000000
dnn,Platform 8.0 - Sprint 6,2015-06-12 20:36:20.219000+00:00,2015-07-01 20:36:00+00:00,220,18 days 23:59:39.781000000
dnn,Content 8.2.0 - Sprint 3,2015-06-26 17:33:00+00:00,2015-07-10 17:03:00+00:00,22,13 days 23:30:00.000000000
dnn,Content 8.2.0 - Sprint 4,2015-07-13 16:43:48.684000+00:00,2015-07-27 16:43:00+00:00,21,13 days 23:59:11.316000000
dnn,Platform 8.0 - Sprint 7,2015-07-15 20:16:21.210000+00:00,2015-07-28 20:16:00+00:00,230,12 days 23:59:38.790000000
dnn,Content 8.2.0 - Sprint 5,2015-07-27 16:09:55.174000+00:00,2015-08-10 16:09:00+00:00,6,13 days 23:59:04.826000000
dnn,Platform 8.0 - Sprint 8,2015-07-29 18:15:21.008000+00:00,2015-08-18 21:00:00+00:00,94,20 days 02:44:38.992000000
dnn,Engage 8.2.0 - Sprint 6 (FF),2015-08-10 20:44:32.998000+00:00,2015-08-24 20:44:00+00:00,4,13 days 23:59:27.002000000
dnn,Content 8.2.0 - Sprint 6 (FF),2015-08-10 20:46:27.019000+00:00,2015-08-24 20:46:00+00:00,19,13 days 23:59:32.981000000
dnn,Engage 8.2.0 - Sprint 7 (FF),2015-08-24 20:47:56.338000+00:00,2015-09-07 20:47:00+00:00,4,13 days 23:59:03.662000000
dnn,Content 8.2.0 - Sprint 7 (FF),2015-08-24 20:50:00+00:00,2015-09-07 23:31:00+00:00,27,14 days 02:41:00.000000000
dnn,Platform 8.0 - Sprint 9,2015-08-28 14:02:50.287000+00:00,2015-09-17 16:47:00+00:00,702,20 days 02:44:09.713000000
dnn,Content 8.2 - Sprint 8,2015-09-08 22:33:14.580000+00:00,2015-09-29 01:18:00+00:00,17,20 days 02:44:45.420000000
dnn,Platform 8.0 - Sprint 10,2015-09-21 20:54:07.896000+00:00,2015-10-14 23:39:00+00:00,365,23 days 02:44:52.104000000
dnn,Platform 8.0 - Sprint 10 QA,2015-09-21 21:20:37.096000+00:00,2015-10-15 00:05:00+00:00,735,23 days 02:44:22.904000000
dnn,Platform 8.0 - Sprint 11 QA,2015-10-19 15:30:19.022000+00:00,2015-10-28 18:15:00+00:00,604,9 days 02:44:40.978000000
dnn,Platform 8.0 - Sprint 11,2015-10-16 19:33:48.761000+00:00,2015-10-28 22:18:00+00:00,375,12 days 02:44:11.239000000
dnn,Content 8.3 - Sprint 1,2015-10-06 20:38:17.906000+00:00,2015-10-28 23:23:00+00:00,2,22 days 02:44:42.094000000
dnn,Platform 8.0 - Sprint 12,2015-11-09 18:45:42.837000+00:00,2015-11-24 21:30:00+00:00,739,15 days 02:44:17.163000000
dnn,Platform 8.0 - Sprint 13,2015-11-25 20:04:49.891000+00:00,2015-12-09 22:49:00+00:00,734,14 days 02:44:10.109000000
dnn,Content 8.3 - Sprint 3,2015-11-25 20:18:53.513000+00:00,2015-12-09 23:03:00+00:00,3,14 days 02:44:06.487000000
dnn,Platform 8.0 - Sprint 14,2015-12-11 19:58:01.714000+00:00,2015-12-25 07:00:00+00:00,654,13 days 11:01:58.286000000
dnn,Content 8.3 - Sprint 4,2015-12-11 20:01:06.179000+00:00,2015-12-25 07:01:00+00:00,12,13 days 10:59:53.821000000
dnn,Engage 8.3.0 - Sprint 5 (FF),2015-12-29 18:34:29.679000+00:00,2016-01-13 21:19:00+00:00,1,15 days 02:44:30.321000000
dnn,Content 8.3 - Sprint 5 (FF),2015-12-29 18:46:56.179000+00:00,2016-01-14 05:48:00+00:00,6,15 days 11:01:03.821000000
dnn,Platform 8.0 - Sprint 15 (FF),2015-12-29 18:53:31.157000+00:00,2016-01-14 05:55:00+00:00,169,15 days 11:01:28.843000000
dnn,Platform 8.0.1 - Sprint 1,2016-01-19 19:14:02.998000+00:00,2016-02-03 06:16:00+00:00,498,14 days 11:01:57.002000000
dnn,Content 8.4 - Sprint 1,2016-01-19 19:16:18.020000+00:00,2016-02-03 06:18:00+00:00,66,14 days 11:01:41.980000000
dnn,Platform 8.0.1 - Sprint 2,2016-02-03 08:00:46.806000+00:00,2016-02-17 08:00:00+00:00,330,13 days 23:59:13.194000000
dnn,Content 8.4 - Sprint 2,2016-02-03 16:40:13.190000+00:00,2016-02-17 16:40:00+00:00,39,13 days 23:59:46.810000000
dnn,Platform 8.0.1 - Sprint 3,2016-02-23 01:35:01.698000+00:00,2016-03-08 01:35:00+00:00,191,13 days 23:59:58.302000000
dnn,Platform 8.0.1 - Sprint 4 (CF),2016-03-09 19:42:20.925000+00:00,2016-03-18 18:42:00+00:00,72,8 days 22:59:39.075000000
dnn,Content 8.4 - Sprint 4 (CF),2016-03-09 19:51:01.338000+00:00,2016-03-18 18:51:00+00:00,9,8 days 22:59:58.662000000
dnn,Platform 8.1 - Sprint 1,2016-03-18 01:23:58.084000+00:00,2016-03-24 01:23:00+00:00,131,5 days 23:59:01.916000000
dnn,Content 9.0 - Sprint 1,2016-03-18 01:36:08.348000+00:00,2016-03-24 01:36:00+00:00,1,5 days 23:59:51.652000000
dnn,Platform 8.1 - Sprint 2,2016-04-04 16:45:39.420000+00:00,2016-04-11 16:45:00+00:00,93,6 days 23:59:20.580000000
dnn,Engage 9.0 - Sprint 2,2016-04-04 16:50:02.999000+00:00,2016-04-11 16:50:00+00:00,1,6 days 23:59:57.001000000
dnn,Content 9.0 - Sprint 3,2016-04-12 21:54:20.347000+00:00,2016-04-19 21:54:00+00:00,4,6 days 23:59:39.653000000
dnn,Platform 8.1 - Sprint 3,2016-04-12 21:54:55.753000+00:00,2016-04-19 21:54:00+00:00,42,6 days 23:59:04.247000000
dnn,Platform 8.1 - Sprint 4,2016-04-20 17:56:43.264000+00:00,2016-04-27 17:56:00+00:00,35,6 days 23:59:16.736000000
dnn,Content 9.0 - Sprint 4,2016-04-20 17:57:41.583000+00:00,2016-04-27 17:57:00+00:00,4,6 days 23:59:18.417000000
mesos,Q2'14 Sprint 2,2014-05-15 21:33:30.978000+00:00,2014-05-29 00:00:00+00:00,30,13 days 02:26:29.022000000
mesos,Q2 Sprint 3,2014-05-31 00:00:30.253000+00:00,2014-06-12 00:00:00+00:00,48,11 days 23:59:29.747000000
mesos,Q2 Sprint 4,2014-06-13 23:07:41.428000+00:00,2014-06-26 00:00:00+00:00,33,12 days 00:52:18.572000000
mesos,Q2 Sprint 5,2014-06-30 19:00:15.460000+00:00,2014-07-05 00:00:00+00:00,4,4 days 04:59:44.540000000
mesos,Q3 Sprint 1,2014-07-14 19:03:06.602000+00:00,2014-07-24 00:00:00+00:00,149,9 days 04:56:53.398000000
mesos,Q3 Sprint 2,2014-07-28 19:05:43.738000+00:00,2014-08-07 00:00:00+00:00,148,9 days 04:54:16.262000000
mesos,Q3 Sprint 3,2014-08-11 19:00:25.705000+00:00,2014-08-23 00:00:00+00:00,129,11 days 04:59:34.295000000
mesos,Q3 Sprint 4,2014-08-25 21:32:11.449000+00:00,2014-09-06 01:00:00+00:00,130,11 days 03:27:48.551000000
mesos,Mesos Q3 Sprint 5,2014-09-08 18:00:33.129000+00:00,2014-09-22 18:00:00+00:00,156,13 days 23:59:26.871000000
mesos,Mesos Q3 Sprint 6,2014-09-22 18:30:00+00:00,2014-10-06 18:00:00+00:00,150,13 days 23:30:00.000000000
mesos,Twitter Q4 Sprint 1,2014-10-06 22:00:00+00:00,2014-10-20 18:00:00+00:00,213,13 days 20:00:00.000000000
mesos,Mesosphere Q4 Sprint 1 10/31,2014-10-19 18:29:03.819000+00:00,2014-10-31 17:29:00+00:00,17,11 days 22:59:56.181000000
mesos,Twitter Mesos Q4 Sprint 2,2014-10-21 19:00:15.489000+00:00,2014-11-04 19:00:00+00:00,209,13 days 23:59:44.511000000
mesos,Mesosphere Q4 Sprint 2 - 11/14,2014-11-04 18:40:28.741000+00:00,2014-11-14 18:40:00+00:00,45,9 days 23:59:31.259000000
mesos,Twitter Mesos Q4 Sprint 3,2014-11-03 19:00:03.609000+00:00,2014-11-17 19:00:00+00:00,199,13 days 23:59:56.391000000
mesos,Twitter Mesos Q4 Sprint 4,2014-11-17 19:30:00+00:00,2014-12-01 19:00:00+00:00,190,13 days 23:30:00.000000000
mesos,Mesosphere Q4 Sprint 3 - 12/7,2014-11-19 17:58:44.739000+00:00,2014-12-07 17:58:00+00:00,1152,17 days 23:59:15.261000000
mesos,Twitter Mesos Q4 Sprint 5,2014-12-01 19:30:00+00:00,2014-12-15 19:00:00+00:00,219,13 days 23:30:00.000000000
mesos,Twitter Mesos Q4 Sprint 6,2014-12-15 19:30:00+00:00,2014-12-29 19:00:00+00:00,168,13 days 23:30:00.000000000
mesos,Mesosphere Q1 Sprint 1 - 1/23,2015-01-15 21:16:49.334000+00:00,2015-01-23 21:16:00+00:00,1242,7 days 23:59:10.666000000
mesos,Twitter Mesos Q1 Sprint 1,2015-01-20 19:59:00+00:00,2015-02-03 19:48:00+00:00,226,13 days 23:49:00.000000000
mesos,Mesosphere Q1 Sprint 2 - 2/6,2015-01-23 16:54:34.977000+00:00,2015-02-06 16:54:00+00:00,1542,13 days 23:59:25.023000000
mesos,Twitter Mesos Q1 Sprint 2,2015-02-02 20:00:10.761000+00:00,2015-02-16 19:00:00+00:00,279,13 days 22:59:49.239000000
mesos,Mesosphere Q1 Sprint 3 - 2/20,2015-02-06 16:47:50.469000+00:00,2015-02-20 16:47:00+00:00,1692,13 days 23:59:09.531000000
mesos,Twitter Mesos Q1 Sprint 3,2015-02-17 18:00:00+00:00,2015-03-02 19:00:00+00:00,317,13 days 01:00:00.000000000
mesos,Mesosphere Q1 Sprint 4 - 3/6,2015-02-20 16:28:57.724000+00:00,2015-03-06 16:28:00+00:00,1717,13 days 23:59:02.276000000
mesos,Twitter Mesos Q1 Sprint 4,2015-03-02 19:31:49.041000+00:00,2015-03-16 19:31:00+00:00,286,13 days 23:59:10.959000000
mesos,Mesosphere Q1 Sprint 5 - 3/20,2015-03-09 23:12:33.987000+00:00,2015-03-20 23:12:00+00:00,1825,10 days 23:59:26.013000000
mesos,Twitter Mesos Q1 Sprint 5,2015-03-16 18:00:39.328000+00:00,2015-03-30 18:00:00+00:00,280,13 days 23:59:20.672000000
mesos,Mesosphere Q1 Sprint 6 - 4/3,2015-03-20 15:41:34.507000+00:00,2015-04-03 15:41:00+00:00,1947,13 days 23:59:25.493000000
mesos,Twitter Mesos Q1 Sprint 6,2015-03-30 18:19:20.617000+00:00,2015-04-06 18:00:00+00:00,230,6 days 23:40:39.383000000
mesos,Mesosphere Q1 Sprint 7 - 4/17,2015-04-03 16:57:35.550000+00:00,2015-04-17 16:57:00+00:00,1997,13 days 23:59:24.450000000
mesos,Twitter Q2 Sprint 1 - 4/13,2015-04-13 18:00:41.648000+00:00,2015-04-27 18:00:00+00:00,226,13 days 23:59:18.352000000
mesos,Mesosphere Q2 Sprint 8 - 5/1,2015-04-17 15:46:13.513000+00:00,2015-05-01 15:46:00+00:00,1994,13 days 23:59:46.487000000
mesos,Twitter Q2 Sprint 2,2015-04-27 20:59:03.042000+00:00,2015-05-11 20:59:00+00:00,259,13 days 23:59:56.958000000
mesos,Mesosphere Q1 Sprint 9 - 5/15,2015-05-01 15:00:00+00:00,2015-05-16 00:00:00+00:00,1832,14 days 09:00:00.000000000
mesos,Twitter Q2 Sprint 3 - 5/11,2015-05-11 18:00:12.287000+00:00,2015-05-25 18:00:00+00:00,188,13 days 23:59:47.713000000
mesos,Mesosphere Sprint 10,2015-05-15 16:30:26.106000+00:00,2015-05-26 01:00:00+00:00,1996,10 days 08:29:33.894000000
mesos,Mesosphere Sprint 11,2015-05-26 17:54:14.250000+00:00,2015-06-08 16:00:00+00:00,1995,12 days 22:05:45.750000000
mesos,Twitter Q2 Sprint 3,2015-05-26 18:00:30.607000+00:00,2015-06-08 18:00:00+00:00,280,12 days 23:59:29.393000000
mesos,Mesosphere Sprint 12,2015-06-08 16:00:47.265000+00:00,2015-06-22 16:00:00+00:00,400,13 days 23:59:12.735000000
mesos,Twitter Mesos Q2 Sprint 5,2015-06-08 19:00:00+00:00,2015-06-22 18:00:00+00:00,238,13 days 23:00:00.000000000
mesos,Mesosphere Sprint 13,2015-06-22 17:00:56.519000+00:00,2015-07-06 16:00:00+00:00,374,13 days 22:59:03.481000000
mesos,Twitter Mesos Q2 Sprint 6,2015-06-22 18:27:42.208000+00:00,2015-07-06 18:00:00+00:00,273,13 days 23:32:17.792000000
mesos,Mesosphere Sprint 14,2015-07-06 17:00:31.598000+00:00,2015-07-20 17:00:00+00:00,60,13 days 23:59:28.402000000
mesos,Twitter Mesos Q3 Sprint 1,2015-07-06 18:52:38.980000+00:00,2015-07-20 18:00:00+00:00,258,13 days 23:07:21.020000000
mesos,Mesosphere Sprint 15,2015-07-20 20:00:46.527000+00:00,2015-08-03 17:00:00+00:00,497,13 days 20:59:13.473000000
mesos,Twitter Mesos Q3 Sprint 2,2015-07-21 19:09:41.818000+00:00,2015-08-03 18:00:00+00:00,122,12 days 22:50:18.182000000
mesos,Twitter Mesos Q3 Sprint 3,2015-08-03 18:22:05.146000+00:00,2015-08-17 18:00:00+00:00,121,13 days 23:37:54.854000000
mesos,Mesosphere Sprint 16,2015-08-03 20:00:40.299000+00:00,2015-08-17 19:00:00+00:00,592,13 days 22:59:19.701000000
mesos,Mesosphere Sprint 17,2015-08-17 19:00:48.853000+00:00,2015-08-31 19:00:00+00:00,621,13 days 23:59:11.147000000
mesos,Twitter Mesos Q3 Sprint 4,2015-08-31 19:01:27.669000+00:00,2015-09-14 18:00:00+00:00,89,13 days 22:58:32.331000000
mesos,Mesosphere Sprint 18,2015-08-31 20:44:12.732000+00:00,2015-09-14 20:44:00+00:00,613,13 days 23:59:47.268000000
mesos,Twitter Mesos Q3 Sprint 5,2015-09-14 18:53:24.999000+00:00,2015-09-28 18:00:00+00:00,69,13 days 23:06:35.001000000
mesos,Mesosphere Sprint 19,2015-09-14 20:54:43.541000+00:00,2015-09-28 20:54:00+00:00,581,13 days 23:59:16.459000000
mesos,Twitter Mesos Q3 Sprint 6,2015-09-28 18:38:27.039000+00:00,2015-10-12 18:00:00+00:00,62,13 days 23:21:32.961000000
mesos,Mesosphere Sprint 20,2015-09-28 20:37:50.548000+00:00,2015-10-12 20:37:00+00:00,513,13 days 23:59:09.452000000
mesos,Mesosphere Sprint 21,2015-10-12 20:46:09.814000+00:00,2015-10-26 19:00:00+00:00,588,13 days 22:13:50.186000000
mesos,Mesosphere Sprint 22,2015-11-09 21:00:42.544000+00:00,2015-11-23 21:00:00+00:00,540,13 days 23:59:17.456000000
mesos,Mesosphere Sprint 23,2015-11-23 22:08:22.867000+00:00,2015-12-07 22:08:00+00:00,323,13 days 23:59:37.133000000
mesos,Mesosphere Sprint 24,2015-12-07 21:28:10.710000+00:00,2015-12-21 21:28:00+00:00,304,13 days 23:59:49.290000000
mesos,Mesosphere Sprint 25,2015-12-21 22:33:10.791000+00:00,2016-01-04 22:33:00+00:00,228,13 days 23:59:49.209000000
mesos,Mesosphere Sprint 26,2016-01-04 23:06:24.335000+00:00,2016-01-18 23:06:00+00:00,491,13 days 23:59:35.665000000
mesos,Mesosphere Sprint 27,2016-01-21 07:55:27.007000+00:00,2016-02-04 07:55:00+00:00,551,13 days 23:59:32.993000000
mesos,Mesosphere Sprint 28,2016-02-01 20:19:53.168000+00:00,2016-02-15 20:19:00+00:00,505,13 days 23:59:06.832000000
mesos,Mesosphere Sprint 29,2016-02-16 23:11:50.751000+00:00,2016-03-01 23:11:00+00:00,534,13 days 23:59:09.249000000
mesos,Mesosphere Sprint 30,2016-03-01 17:40:49.400000+00:00,2016-03-15 17:40:00+00:00,521,13 days 23:59:10.600000000
mesos,Mesosphere Sprint 31,2016-03-15 18:06:45.477000+00:00,2016-03-29 18:06:00+00:00,568,13 days 23:59:14.523000000
mesos,Mesosphere Sprint 32,2016-03-30 00:40:05.180000+00:00,2016-04-13 00:40:00+00:00,334,13 days 23:59:54.820000000
mesos,Mesosphere Sprint 33,2016-04-12 16:14:54.174000+00:00,2016-04-26 16:14:00+00:00,315,13 days 23:59:05.826000000
mesos,Mesosphere Sprint 34,2016-04-27 16:13:39.528000+00:00,2016-05-11 16:13:00+00:00,228,13 days 23:59:20.472000000
mule,ESB Sprint 1,2013-02-20 17:02:24.206000+00:00,2013-03-05 17:02:24.206000+00:00,4,13 days 00:00:00.000000000
mule,ESB Sprint 2,2013-03-05 21:02:00+00:00,2013-03-19 20:02:00+00:00,12,13 days 23:00:00.000000000
mule,ESB Sprint 3,2013-03-20 15:30:40.323000+00:00,2013-04-02 15:30:40.323000+00:00,14,13 days 00:00:00.000000000
mule,ESB Sprint 4,2013-04-05 18:51:48.140000+00:00,2013-04-12 18:51:48.140000+00:00,1,7 days 00:00:00.000000000
mule,ESB Sprint 5,2013-04-23 17:40:54.772000+00:00,2013-05-07 17:40:54.772000+00:00,2,14 days 00:00:00.000000000
mule,ESB Sprint 6,2013-05-21 15:42:52.818000+00:00,2013-06-04 15:42:52.818000+00:00,36,14 days 00:00:00.000000000
mule,ESB Sprint 7,2013-05-22 21:15:45.928000+00:00,2013-06-04 21:15:45.928000+00:00,40,13 days 00:00:00.000000000
mule,Andes - Sprint 1,2013-05-24 01:06:35.384000+00:00,2013-06-07 01:06:35.384000+00:00,42,14 days 00:00:00.000000000
mule,Andes - Sprint 2,2013-06-06 23:22:08.833000+00:00,2013-06-20 23:22:08.833000+00:00,50,14 days 00:00:00.000000000
mule,Andes - Sprint 3,2013-06-28 02:10:01.050000+00:00,2013-07-05 02:10:01.050000+00:00,11,7 days 00:00:00.000000000
mule,Andes Sprint 4,2013-07-12 13:02:46.454000+00:00,2013-07-16 13:02:46.454000+00:00,10,4 days 00:00:00.000000000
mule,ESB Sprint 10,2013-07-02 19:04:06.429000+00:00,2013-07-16 19:04:06.429000+00:00,36,14 days 00:00:00.000000000
mule,ESB Sprint 11,2013-07-18 15:17:05.088000+00:00,2013-07-30 15:17:05.088000+00:00,40,12 days 00:00:00.000000000
mule,Bighorn Iteration 1,2013-07-24 03:35:15.316000+00:00,2013-08-06 03:35:15.316000+00:00,52,13 days 00:00:00.000000000
mule,Bighorn Iteration 2,2013-08-15 17:45:35.009000+00:00,2013-08-25 17:45:35.009000+00:00,52,10 days 00:00:00.000000000
mule,ESB Sprint 12,2013-08-14 19:43:12.548000+00:00,2013-08-28 19:43:12.548000+00:00,39,14 days 00:00:00.000000000
mule,Bighorn Iteration 3,2013-08-26 22:05:07.738000+00:00,2013-09-09 22:05:07.738000+00:00,36,14 days 00:00:00.000000000
mule,ESB Sprint 13,2013-08-29 22:42:03.749000+00:00,2013-09-11 22:42:03.749000+00:00,38,13 days 00:00:00.000000000
mule,Bighorn Iteration 4,2013-09-09 17:07:44.522000+00:00,2013-09-23 17:07:44.522000+00:00,37,14 days 00:00:00.000000000
mule,ESB Sprint 14,2013-09-12 15:42:12.475000+00:00,2013-09-24 15:42:12.475000+00:00,12,12 days 00:00:00.000000000
mule,ESB Cascade 1,2013-09-25 16:25:32.903000+00:00,2013-10-08 16:25:32.903000+00:00,17,13 days 00:00:00.000000000
mule,Cascade Iteration 1,2013-10-02 19:24:44.113000+00:00,2013-10-16 19:24:44.113000+00:00,4,14 days 00:00:00.000000000
mule,Cascade Iteration 2,2013-10-15 18:45:00.171000+00:00,2013-10-28 18:45:00.171000+00:00,5,13 days 00:00:00.000000000
mule,ESB Cascade 3,2013-10-25 15:14:21.062000+00:00,2013-11-06 16:14:21.062000+00:00,24,12 days 01:00:00.000000000
mule,Cascade Iteration 3,2013-10-28 19:03:50.157000+00:00,2013-11-11 20:03:50.157000+00:00,11,14 days 01:00:00.000000000
mule,Cascade Iteration 4,2013-11-11 17:43:35.237000+00:00,2013-11-18 17:43:35.237000+00:00,17,7 days 00:00:00.000000000
mule,ESB Cascade 4,2013-11-06 16:51:40.807000+00:00,2013-11-20 16:51:40.807000+00:00,15,14 days 00:00:00.000000000
mule,ESB Cascade 5,2013-11-21 14:14:47.160000+00:00,2013-12-05 14:14:47.160000+00:00,29,14 days 00:00:00.000000000
mule,Cascade Sprint 5,2013-11-26 18:51:18.352000+00:00,2013-12-09 18:51:18.352000+00:00,6,13 days 00:00:00.000000000
mule,ESB Dolomite 1,2013-12-18 17:04:03.491000+00:00,2014-01-02 17:04:03.491000+00:00,33,15 days 00:00:00.000000000
mule,Dolomite - Sprint 1,2013-12-05 20:11:41.047000+00:00,2014-01-06 20:11:00+00:00,7,31 days 23:59:18.953000000
mule,ESB Dolomite 2,2014-01-02 17:52:04.361000+00:00,2014-01-14 17:52:04.361000+00:00,111,12 days 00:00:00.000000000
mule,Dolomite Sprint 2,2014-01-07 13:14:11.434000+00:00,2014-01-21 13:14:11.434000+00:00,16,14 days 00:00:00.000000000
mule,ESB Dolomite 3,2014-01-15 18:46:01.433000+00:00,2014-01-29 18:46:01.433000+00:00,80,14 days 00:00:00.000000000
mule,ESB Dolomite 4,2014-01-29 17:36:32.807000+00:00,2014-02-12 17:36:32.807000+00:00,82,14 days 00:00:00.000000000
mule,ESB Dolomite 5,2014-02-12 18:23:10.713000+00:00,2014-02-26 18:23:10.713000+00:00,166,14 days 00:00:00.000000000
mule,ESB Dolomite 6,2014-02-26 17:51:46.561000+00:00,2014-03-12 16:51:46.561000+00:00,93,13 days 23:00:00.000000000
mule,Performance Sprint 4,2014-03-06 17:11:18.612000+00:00,2014-03-20 16:11:18.612000+00:00,1,13 days 23:00:00.000000000
mule,ESB Everest 1,2014-03-12 18:52:05.072000+00:00,2014-03-26 18:52:05.072000+00:00,126,14 days 00:00:00.000000000
mule,ESB Everest 2,2014-03-27 16:30:16.560000+00:00,2014-04-09 16:30:16.560000+00:00,61,13 days 00:00:00.000000000
mule,Performance Sprint 6,2014-04-07 19:03:51.605000+00:00,2014-04-17 19:03:51.605000+00:00,25,10 days 00:00:00.000000000
mule,ESB Everest 3,2014-04-09 16:55:24.970000+00:00,2014-04-23 16:55:24.970000+00:00,33,14 days 00:00:00.000000000
mule,Performance Sprint 7,2014-04-21 17:53:58.042000+00:00,2014-05-07 17:53:58.042000+00:00,25,16 days 00:00:00.000000000
mule,ESB Everest 4,2014-04-23 20:36:05.772000+00:00,2014-05-12 20:36:00+00:00,124,18 days 23:59:54.228000000
mule,Performance Sprint 8,2014-05-01 16:25:27.647000+00:00,2014-05-15 16:25:27.647000+00:00,25,14 days 00:00:00.000000000
mule,ESB Fitz Roy 1,2014-05-12 17:43:45.858000+00:00,2014-05-21 17:43:45.858000+00:00,90,9 days 00:00:00.000000000
mule,Performance Sprint 9,2014-05-15 15:40:48.456000+00:00,2014-05-29 15:40:48.456000+00:00,25,14 days 00:00:00.000000000
mule,ESB Fitz Roy 2,2014-05-21 17:21:28.801000+00:00,2014-06-04 17:21:28.801000+00:00,125,14 days 00:00:00.000000000
mule,Performance Sprint 10,2014-06-02 17:05:14.656000+00:00,2014-06-16 17:05:14.656000+00:00,26,14 days 00:00:00.000000000
mule,ESB Fitz Roy 3,2014-06-04 16:17:30.212000+00:00,2014-06-18 16:17:30.212000+00:00,35,14 days 00:00:00.000000000
mule,ESB Fitz Roy 4,2014-06-19 17:17:34.910000+00:00,2014-07-03 17:17:34.910000+00:00,21,14 days 00:00:00.000000000
mule,ESB Fitz Roy 5,2014-07-03 17:37:05.770000+00:00,2014-07-17 17:37:05.770000+00:00,34,14 days 00:00:00.000000000
mule,ESB Fitz Roy 6,2014-07-17 17:17:33.029000+00:00,2014-07-31 17:17:33.029000+00:00,90,14 days 00:00:00.000000000
mule,ESB Gasherbrum 2,2014-08-14 16:18:27.036000+00:00,2014-08-28 16:18:27.036000+00:00,28,14 days 00:00:00.000000000
mule,ESB Gasherbrum 3,2014-08-29 17:23:23.852000+00:00,2014-09-11 17:23:00+00:00,24,12 days 23:59:36.148000000
mule,ESB Gasherbrum 4,2014-09-11 17:14:48.518000+00:00,2014-09-25 17:14:00+00:00,94,13 days 23:59:11.482000000
mule,ESB Himalaya 1,2014-09-30 17:20:00+00:00,2014-10-13 17:20:00+00:00,20,13 days 00:00:00.000000000
mule,ESB Himalaya 2,2014-10-09 16:54:40.162000+00:00,2014-10-23 16:54:00+00:00,35,13 days 23:59:19.838000000
mule,ESB Himalaya 3,2014-10-23 17:05:31.884000+00:00,2014-11-06 18:05:00+00:00,48,14 days 00:59:28.116000000
mule,ESB Himalaya 4,2014-11-06 18:39:28.945000+00:00,2014-11-20 18:39:00+00:00,52,13 days 23:59:31.055000000
mule,ESB Himalaya 5,2014-11-20 18:24:09.617000+00:00,2014-12-04 18:24:00+00:00,55,13 days 23:59:50.383000000
mule,ESB Icefall 1,2014-12-04 18:35:13.367000+00:00,2014-12-18 18:35:00+00:00,50,13 days 23:59:46.633000000
mule,ESB Icefall 2,2014-12-18 18:02:13.591000+00:00,2015-01-08 18:02:00+00:00,49,20 days 23:59:46.409000000
mule,ESB Icefall 3,2015-01-09 20:00:22.595000+00:00,2015-01-22 20:00:00+00:00,20,12 days 23:59:37.405000000
mule,ESB Icefall 4,2015-01-22 18:52:49.506000+00:00,2015-02-05 18:52:00+00:00,41,13 days 23:59:10.494000000
mule,ESB Icefall 5,2015-02-05 20:26:36.871000+00:00,2015-02-19 20:26:00+00:00,28,13 days 23:59:23.129000000
mule,ESB Icefall 6,2015-02-19 18:32:53.695000+00:00,2015-03-05 18:32:00+00:00,32,13 days 23:59:06.305000000
mule,ESB Joy 1,2015-03-05 18:25:47.308000+00:00,2015-03-19 17:25:00+00:00,24,13 days 22:59:12.692000000
mule,ESB Joy 2,2015-03-20 18:59:51.264000+00:00,2015-04-09 18:59:00+00:00,30,19 days 23:59:08.736000000
mule,ESB Joy 3,2015-04-09 15:59:36.335000+00:00,2015-04-23 15:59:00+00:00,47,13 days 23:59:23.665000000
mule,ESB Joy 4,2015-04-23 18:27:13.198000+00:00,2015-05-07 18:27:00+00:00,39,13 days 23:59:46.802000000
mule,ESB K2 1,2015-05-07 17:32:44.848000+00:00,2015-05-21 17:32:00+00:00,26,13 days 23:59:15.152000000
mule,ESB K2 2,2015-05-21 17:12:23.950000+00:00,2015-06-04 17:12:00+00:00,51,13 days 23:59:36.050000000
mule,ESB K2 3,2015-06-04 16:29:52.897000+00:00,2015-06-18 16:29:00+00:00,38,13 days 23:59:07.103000000
mule,ESB K2 4,2015-06-18 17:18:40.653000+00:00,2015-07-02 17:18:00+00:00,17,13 days 23:59:19.347000000
mule,ESB Lhotse 1,2015-07-02 17:02:01.403000+00:00,2015-07-16 17:02:00+00:00,18,13 days 23:59:58.597000000
mule,ESB Lhotse 2,2015-07-16 16:41:49.636000+00:00,2015-07-30 16:41:00+00:00,14,13 days 23:59:10.364000000
mule,ESB Lhotse 3,2015-08-04 17:04:54.508000+00:00,2015-08-20 17:04:00+00:00,14,15 days 23:59:05.492000000
mule,ESB Lhotse 4,2015-08-25 15:54:24.300000+00:00,2015-09-10 15:54:00+00:00,26,15 days 23:59:35.700000000
mule,ESB Lhotse 5,2015-09-07 17:43:09.349000+00:00,2015-09-22 17:43:00+00:00,45,14 days 23:59:50.651000000
mule,ESB Xeptember,2015-10-19 19:50:33.528000+00:00,2015-11-03 20:50:00+00:00,19,15 days 00:59:26.472000000
mule,ESB Lhotse 6,2015-10-20 18:48:07.976000+00:00,2015-11-05 19:48:00+00:00,28,16 days 00:59:52.024000000
mule,ESB Lhotse 7,2015-11-05 16:48:06.531000+00:00,2015-11-19 16:48:00+00:00,140,13 days 23:59:53.469000000
mule,ESB Lhotse 8,2015-11-19 17:50:17.973000+00:00,2015-12-03 17:50:00+00:00,147,13 days 23:59:42.027000000
mule,ESB McKinley 1,2015-12-03 16:46:30.826000+00:00,2015-12-17 16:46:00+00:00,132,13 days 23:59:29.174000000
mule,SDK McKinley 1,2015-12-14 14:33:15.994000+00:00,2016-01-04 14:33:00+00:00,14,20 days 23:59:44.006000000
mule,ESB McKinley 2,2015-12-17 17:18:04.086000+00:00,2016-01-07 17:18:00+00:00,136,20 days 23:59:55.914000000
mule,SDK McKinley 2,2016-01-04 16:00:30.128000+00:00,2016-01-18 16:00:00+00:00,17,13 days 23:59:29.872000000
mule,Mule 4 M1 - Sprint 3,2016-01-07 15:09:52.401000+00:00,2016-01-21 15:09:00+00:00,20,13 days 23:59:07.599000000
mule,ESB McKinley 3,2016-01-07 17:20:23.605000+00:00,2016-01-21 17:20:00+00:00,145,13 days 23:59:36.395000000
mule,SDK McKinley 3,2016-01-18 15:45:59.558000+00:00,2016-02-01 15:45:00+00:00,27,13 days 23:59:00.442000000
mule,ESB McKinley 4,2016-01-21 16:50:33.545000+00:00,2016-02-04 16:50:00+00:00,129,13 days 23:59:26.455000000
mule,Mule 4 M1 - Sprint 4,2016-01-21 19:05:00.738000+00:00,2016-02-05 19:05:00+00:00,107,14 days 23:59:59.262000000
mule,Mule 4 M2 Nero 1,2016-02-10 18:51:29.183000+00:00,2016-02-18 18:51:00+00:00,95,7 days 23:59:30.817000000
mule,ESB Nero 1,2016-02-05 02:59:53.373000+00:00,2016-02-19 02:59:00+00:00,139,13 days 23:59:06.627000000
mule,SDK Nero 1,2016-02-15 14:53:09.519000+00:00,2016-02-29 14:53:00+00:00,12,13 days 23:59:50.481000000
mule,Mule 4 M2 Nero 2,2016-02-18 14:50:54.137000+00:00,2016-03-03 14:50:00+00:00,149,13 days 23:59:05.863000000
mule,Mule Nero 2,2016-02-18 17:25:39.042000+00:00,2016-03-03 17:25:00+00:00,148,13 days 23:59:20.958000000
mule,SDK Nero 2,2016-02-29 15:42:26.488000+00:00,2016-03-14 14:42:00+00:00,27,13 days 22:59:33.512000000
mule,Mule Nero 3,2016-03-03 17:00:57.861000+00:00,2016-03-17 16:00:00+00:00,145,13 days 22:59:02.139000000
mule,Mule 4 M2 Nero 3,2016-03-03 17:41:29.201000+00:00,2016-03-17 16:41:00+00:00,155,13 days 22:59:30.799000000
mule,SDK Nero 3,2016-03-14 15:53:19.767000+00:00,2016-03-28 15:53:00+00:00,28,13 days 23:59:40.233000000
mule,Mule Nero 4,2016-03-17 16:38:15.766000+00:00,2016-03-31 16:38:00+00:00,152,13 days 23:59:44.234000000
mule,Mule 4 M2 Nero 4,2016-03-17 20:22:55.535000+00:00,2016-03-31 20:22:00+00:00,158,13 days 23:59:04.465000000
mule,SDK Nero 4,2016-03-28 15:46:39.508000+00:00,2016-04-12 15:46:00+00:00,26,14 days 23:59:20.492000000
mule,Mule Nero 5,2016-03-31 16:18:01.526000+00:00,2016-04-14 16:18:00+00:00,154,13 days 23:59:58.474000000
mule,SDK Nero 5,2016-04-11 15:36:05.985000+00:00,2016-04-25 15:36:00+00:00,21,13 days 23:59:54.015000000
mule,Mule Olympus 1,2016-04-14 16:50:43.106000+00:00,2016-04-28 16:50:00+00:00,13,13 days 23:59:16.894000000
mule,SDK Olympus 1,2016-04-27 16:27:32.496000+00:00,2016-05-09 16:27:00+00:00,23,11 days 23:59:27.504000000
mule,Mule Olympus 2,2016-04-28 16:51:14.884000+00:00,2016-05-12 16:51:00+00:00,8,13 days 23:59:45.116000000
nexus,Sprint 2,2013-09-12 20:48:43.459000+00:00,2013-09-25 20:48:00+00:00,27,12 days 23:59:16.541000000
nexus,Sprint 3,2013-09-26 20:28:42.997000+00:00,2013-10-10 20:28:00+00:00,20,13 days 23:59:17.003000000
nexus,Sprint 4,2013-10-10 20:10:23.638000+00:00,2013-10-24 20:10:00+00:00,17,13 days 23:59:36.362000000
nexus,Sprint 5,2013-10-24 21:03:20.603000+00:00,2013-11-07 22:03:00+00:00,19,14 days 00:59:39.397000000
nexus,Sprint 6,2013-11-07 21:13:56.132000+00:00,2013-11-14 21:13:00+00:00,62,6 days 23:59:03.868000000
nexus,Sprint 7,2013-11-14 21:17:19.777000+00:00,2013-11-21 21:17:00+00:00,55,6 days 23:59:40.223000000
nexus,Sprint 8,2013-12-02 21:07:35.499000+00:00,2013-12-16 21:07:00+00:00,42,13 days 23:59:24.501000000
nexus,Sprint 9,2013-12-16 21:12:26.681000+00:00,2013-12-23 21:12:00+00:00,46,6 days 23:59:33.319000000
nexus,Sprint 10,2014-01-20 20:49:23.503000+00:00,2014-02-03 20:49:00+00:00,4,13 days 23:59:36.497000000
nexus,Sprint 12,2014-02-24 21:10:53.981000+00:00,2014-03-10 20:10:00+00:00,3,13 days 22:59:06.019000000
nexus,Sprint 14,2014-03-24 20:04:55.347000+00:00,2014-04-07 20:04:00+00:00,1,13 days 23:59:04.653000000
nexus,Sprint 15,2014-04-07 20:04:12.451000+00:00,2014-04-21 19:00:00+00:00,10,13 days 22:55:47.549000000
nexus,Sprint 16,2014-04-29 20:37:08.202000+00:00,2014-05-13 18:30:00+00:00,14,13 days 21:52:51.798000000
nexus,Sprint 17,2014-05-13 19:33:11.232000+00:00,2014-05-27 18:00:00+00:00,17,13 days 22:26:48.768000000
nexus,Sprint 18,2014-05-27 19:32:55.129000+00:00,2014-06-10 18:00:00+00:00,25,13 days 22:27:04.871000000
nexus,Sprint 19,2014-06-10 19:31:02.533000+00:00,2014-06-24 18:00:00+00:00,25,13 days 22:28:57.467000000
nexus,Sprint 20,2014-06-24 19:47:26.924000+00:00,2014-07-08 18:00:00+00:00,23,13 days 22:12:33.076000000
nexus,Sprint 21,2014-07-08 19:27:29.685000+00:00,2014-07-22 18:00:00+00:00,21,13 days 22:32:30.315000000
nexus,Sprint 22,2014-07-22 18:23:45.405000+00:00,2014-08-05 18:00:00+00:00,8,13 days 23:36:14.595000000
nexus,Sprint 23,2014-08-05 20:59:53.773000+00:00,2014-08-19 18:00:00+00:00,7,13 days 21:00:06.227000000
nexus,Sprint 24,2014-08-19 18:24:50.985000+00:00,2014-09-02 18:00:00+00:00,38,13 days 23:35:09.015000000
nexus,Sprint 25,2014-09-02 18:41:44.578000+00:00,2014-09-16 18:00:00+00:00,51,13 days 23:18:15.422000000
nexus,Sprint 26,2014-09-16 19:44:16.014000+00:00,2014-09-30 18:00:00+00:00,26,13 days 22:15:43.986000000
nexus,Sprint 27,2014-09-30 18:35:37.192000+00:00,2014-10-14 18:00:00+00:00,35,13 days 23:24:22.808000000
nexus,Sprint 28,2014-10-14 18:42:29.971000+00:00,2014-10-28 18:00:00+00:00,63,13 days 23:17:30.029000000
nexus,Sprint 29,2014-10-28 18:37:02.051000+00:00,2014-11-11 19:37:00+00:00,68,14 days 00:59:57.949000000
nexus,Sprint 30,2014-11-11 20:05:21.113000+00:00,2014-11-25 20:05:00+00:00,61,13 days 23:59:38.887000000
nexus,Sprint 31,2014-11-25 19:57:23.619000+00:00,2014-12-09 19:57:00+00:00,37,13 days 23:59:36.381000000
nexus,Sprint 32,2014-12-09 19:42:38.599000+00:00,2014-12-23 19:42:00+00:00,73,13 days 23:59:21.401000000
nexus,Sprint 33,2014-12-23 20:41:50.512000+00:00,2015-01-06 20:41:00+00:00,70,13 days 23:59:09.488000000
nexus,Sprint 34,2015-01-06 19:54:33.001000+00:00,2015-01-20 19:54:00+00:00,111,13 days 23:59:26.999000000
nexus,Sprint 35,2015-01-20 20:46:02.352000+00:00,2015-02-03 20:46:00+00:00,84,13 days 23:59:57.648000000
nexus,Sprint 36,2015-02-03 20:05:54.113000+00:00,2015-02-17 20:05:00+00:00,27,13 days 23:59:05.887000000
nexus,Sprint 37,2015-02-17 20:08:52.022000+00:00,2015-03-03 20:08:00+00:00,56,13 days 23:59:07.978000000
nexus,Sprint 38,2015-03-03 20:06:39.965000+00:00,2015-03-17 18:00:00+00:00,55,13 days 21:53:20.035000000
nexus,Sprint 39,2015-03-17 19:00:40.317000+00:00,2015-03-31 19:00:00+00:00,39,13 days 23:59:19.683000000
nexus,Sprint 40,2015-03-31 18:59:05.893000+00:00,2015-04-14 18:59:00+00:00,21,13 days 23:59:54.107000000
nexus,Sprint 41,2015-04-14 19:17:02.078000+00:00,2015-04-28 19:17:00+00:00,71,13 days 23:59:57.922000000
nexus,Sprint 42,2015-04-28 19:23:38.705000+00:00,2015-05-12 19:23:00+00:00,87,13 days 23:59:21.295000000
nexus,Sprint 43,2015-05-12 19:44:46.599000+00:00,2015-05-26 19:44:00+00:00,84,13 days 23:59:13.401000000
nexus,Sprint 44,2015-05-26 19:27:03.949000+00:00,2015-06-09 19:27:00+00:00,39,13 days 23:59:56.051000000
nexus,Sprint 45,2015-06-09 19:29:38.867000+00:00,2015-06-23 19:29:00+00:00,77,13 days 23:59:21.133000000
nexus,Sprint 46,2015-06-23 18:47:38.937000+00:00,2015-07-07 18:47:00+00:00,78,13 days 23:59:21.063000000
nexus,Sprint 47,2015-07-07 19:29:55.516000+00:00,2015-07-21 19:29:00+00:00,39,13 days 23:59:04.484000000
nexus,Sprint 48,2015-07-21 19:59:56.200000+00:00,2015-08-04 19:59:00+00:00,23,13 days 23:59:03.800000000
nexus,Sprint 49,2015-08-04 18:41:38.916000+00:00,2015-08-18 18:41:00+00:00,51,13 days 23:59:21.084000000
nexus,Sprint 50,2015-08-18 20:17:28.855000+00:00,2015-09-01 20:17:00+00:00,72,13 days 23:59:31.145000000
nexus,Sprint 51,2015-09-08 19:09:24.582000+00:00,2015-09-15 19:09:00+00:00,119,6 days 23:59:35.418000000
nexus,Sprint 52,2015-09-15 19:05:23.412000+00:00,2015-09-29 19:05:00+00:00,130,13 days 23:59:36.588000000
nexus,Sprint 53,2015-09-29 20:04:32.368000+00:00,2015-10-13 20:04:00+00:00,70,13 days 23:59:27.632000000
nexus,Sprint 54,2015-10-13 19:53:01.323000+00:00,2015-10-27 19:53:00+00:00,31,13 days 23:59:58.677000000
nexus,Sprint 55,2015-10-27 20:11:05.682000+00:00,2015-11-10 20:11:00+00:00,42,13 days 23:59:54.318000000
nexus,Sprint 56,2015-11-10 20:36:10.958000+00:00,2015-11-24 20:36:00+00:00,31,13 days 23:59:49.042000000
nexus,Sprint 57,2015-11-24 21:07:53.450000+00:00,2015-12-08 21:07:00+00:00,6,13 days 23:59:06.550000000
nexus,Sprint 58 - Föhn,2015-12-08 20:08:48.929000+00:00,2015-12-22 20:08:00+00:00,5,13 days 23:59:11.071000000
nexus,Sprint 59 - Föhn,2015-12-22 21:10:11.068000+00:00,2016-01-05 21:10:00+00:00,9,13 days 23:59:48.932000000
nexus,Sprint 60 - Föhn,2016-01-05 18:08:23.909000+00:00,2016-01-19 18:08:00+00:00,23,13 days 23:59:36.091000000
nexus,Sprint 60 - Chinook,2016-01-05 20:02:13.214000+00:00,2016-01-19 20:02:00+00:00,12,13 days 23:59:46.786000000
nexus,Sprint 61 - Föhn,2016-01-19 18:12:29.079000+00:00,2016-02-02 18:12:00+00:00,26,13 days 23:59:30.921000000
nexus,Sprint 61 - Chinook,2016-01-19 20:25:02.618000+00:00,2016-02-02 20:25:00+00:00,15,13 days 23:59:57.382000000
nexus,Sprint 62 - Föhn,2016-02-02 18:14:05.098000+00:00,2016-02-16 18:14:00+00:00,11,13 days 23:59:54.902000000
nexus,Sprint 62 - Chinook,2016-02-02 19:39:40.661000+00:00,2016-02-16 19:39:00+00:00,1,13 days 23:59:19.339000000
nexus,Sprint 63 - Föhn,2016-02-16 18:28:06.852000+00:00,2016-03-01 18:28:00+00:00,25,13 days 23:59:53.148000000
nexus,Sprint 64 - Föhn,2016-03-01 18:06:28.385000+00:00,2016-03-15 18:06:00+00:00,22,13 days 23:59:31.615000000
nexus,Sprint 65 - Föhn,2016-03-15 17:00:14.509000+00:00,2016-03-29 17:00:00+00:00,13,13 days 23:59:45.491000000
nexus,Sprint 65 - Chinook,2016-03-15 18:37:15.448000+00:00,2016-03-29 18:37:00+00:00,1,13 days 23:59:44.552000000
nexus,Sprint 66 - Föhn,2016-03-29 17:03:59.379000+00:00,2016-04-12 17:03:00+00:00,12,13 days 23:59:00.621000000
nexus,Sprint 66 - Chinook,2016-03-29 18:52:53.947000+00:00,2016-04-12 18:52:00+00:00,3,13 days 23:59:06.053000000
nexus,Sprint 67 - Föhn,2016-04-12 16:56:31.672000+00:00,2016-04-26 16:56:00+00:00,5,13 days 23:59:28.328000000
nexus,Sprint 67 - Chinook,2016-04-12 18:48:03.004000+00:00,2016-04-26 18:48:00+00:00,4,13 days 23:59:56.996000000
nexus,Sprint 68 - Föhn,2016-04-26 17:10:17.017000+00:00,2016-05-10 17:10:00+00:00,1,13 days 23:59:42.983000000
nexus,Sprint 68 - Chinook,2016-04-26 18:49:58.951000+00:00,2016-05-10 18:49:00+00:00,4,13 days 23:59:01.049000000
timob,Sprint 2011-49,2011-12-03 21:29:08.571428572+00:00,2011-12-12 00:00:00+00:00,1,8 days 02:30:51.428571428
timob,Sprint 2012-02,2011-12-12 00:00:00+00:00,2012-01-29 00:00:00+00:00,1,48 days 00:00:00.000000000
timob,Sprint 2012-03,2012-01-29 00:00:00+00:00,2012-02-12 00:00:00+00:00,1,14 days 00:00:00.000000000
timob,Sprint 2012-04,2012-02-12 00:00:00+00:00,2012-02-26 00:00:00+00:00,22,14 days 00:00:00.000000000
timob,Sprint 2012-05,2012-02-26 00:00:00+00:00,2012-03-11 00:00:00+00:00,9,14 days 00:00:00.000000000
timob,Sprint 2012-06,2012-03-11 00:00:00+00:00,2012-03-25 00:00:00+00:00,6,14 days 00:00:00.000000000
timob,Sprint 2012-07,2012-03-25 00:00:00+00:00,2012-04-08 00:00:00+00:00,17,14 days 00:00:00.000000000
timob,Sprint 2012-08,2012-04-08 00:00:00+00:00,2012-04-22 00:00:00+00:00,41,14 days 00:00:00.000000000
timob,Sprint 2012-04 BB,2012-04-22 00:00:00+00:00,2012-05-06 00:00:00+00:00,5,14 days 00:00:00.000000000
timob,Sprint 2012-09 API,2012-05-06 00:00:00+00:00,2012-05-06 00:00:00+00:00,1,0 days 00:00:00.000000000
timob,Sprint 2012-09 Core,2012-05-06 00:00:00+00:00,2012-05-06 00:00:00+00:00,14,0 days 00:00:00.000000000
timob,Sprint 2012-05 BB,2012-05-06 00:00:00+00:00,2012-05-20 00:00:00+00:00,5,14 days 00:00:00.000000000
timob,Sprint 2012-10 Core,2012-05-20 00:00:00+00:00,2012-05-20 00:00:00+00:00,5,0 days 00:00:00.000000000
timob,Sprint 2012-06 BB,2012-05-20 00:00:00+00:00,2012-06-03 00:00:00+00:00,9,14 days 00:00:00.000000000
timob,Sprint 2012-11 Core,2012-06-03 00:00:00+00:00,2012-06-03 00:00:00+00:00,2,0 days 00:00:00.000000000
timob,Sprint 2012-07 BB,2012-06-03 00:00:00+00:00,2012-06-17 00:00:00+00:00,4,14 days 00:00:00.000000000
timob,Sprint 2012-12 API,2012-06-17 00:00:00+00:00,2012-06-17 00:00:00+00:00,1,0 days 00:00:00.000000000
timob,Sprint 2012-12 Core,2012-06-17 00:00:00+00:00,2012-06-17 00:00:00+00:00,2,0 days 00:00:00.000000000
timob,Sprint 2012-08 BB,2012-06-17 00:00:00+00:00,2012-07-01 00:00:00+00:00,9,14 days 00:00:00.000000000
timob,Sprint 2012-13 Core,2012-07-01 00:00:00+00:00,2012-07-01 00:00:00+00:00,1,0 days 00:00:00.000000000
timob,Sprint 2012-09 BB,2012-07-01 00:00:00+00:00,2012-07-15 00:00:00+00:00,6,14 days 00:00:00.000000000
timob,Sprint 2012-10 BB,2012-07-15 00:00:00+00:00,2012-07-29 00:00:00+00:00,5,14 days 00:00:00.000000000
timob,Sprint 2012-15 API,2012-07-29 00:00:00+00:00,2012-07-30 00:00:00+00:00,1,1 days 00:00:00.000000000
timob,Sprint 2012-11 BB,2012-07-30 00:00:00+00:00,2012-08-12 00:00:00+00:00,10,13 days 00:00:00.000000000
timob,Sprint 2012-12 BB,2012-08-12 00:00:00+00:00,2012-08-26 00:00:00+00:00,3,14 days 00:00:00.000000000
timob,Sprint 2012-13 BB,2012-08-26 00:00:00+00:00,2012-09-09 00:00:00+00:00,7,14 days 00:00:00.000000000
timob,Sprint 2012-19 BB,2012-09-09 00:00:00+00:00,2012-09-24 00:00:00+00:00,2,15 days 00:00:00.000000000
timob,2012 Sprint 20,2012-09-24 00:00:00+00:00,2012-10-08 00:00:00+00:00,6,14 days 00:00:00.000000000
timob,Sprint 2012-20 API,2012-10-08 00:00:00+00:00,2012-10-08 00:00:00+00:00,3,0 days 00:00:00.000000000
timob,Sprint 2012-20 Core,2012-10-08 00:00:00+00:00,2012-10-08 00:00:00+00:00,2,0 days 00:00:00.000000000
timob,2012 Sprint 21,2012-10-08 00:00:00+00:00,2012-10-22 00:00:00+00:00,3,14 days 00:00:00.000000000
timob,2012 Sprint 21 API,2012-10-22 00:00:00+00:00,2012-10-22 00:00:00+00:00,3,0 days 00:00:00.000000000
timob,2012 Sprint 23,2012-10-22 00:00:00+00:00,2012-11-19 00:00:00+00:00,1,28 days 00:00:00.000000000
timob,2012 Sprint 24,2012-11-19 00:00:00+00:00,2012-12-03 00:00:00+00:00,2,14 days 00:00:00.000000000
timob,2012 Sprint 24 JS,2012-12-03 00:00:00+00:00,2012-12-03 00:00:00+00:00,2,0 days 00:00:00.000000000
timob,2012 Sprint 26,2012-12-03 00:00:00+00:00,2012-12-31 00:00:00+00:00,1,28 days 00:00:00.000000000
timob,2013 Sprint 02,2012-12-31 00:00:00+00:00,2013-01-28 00:00:00+00:00,8,28 days 00:00:00.000000000
timob,2013 Sprint 02 API,2013-01-28 00:00:00+00:00,2013-01-28 00:00:00+00:00,2,0 days 00:00:00.000000000
timob,2013 Sprint 02 BB,2013-01-28 00:00:00+00:00,2013-01-28 00:00:00+00:00,4,0 days 00:00:00.000000000
timob,2013 Sprint 02 JS,2013-01-28 00:00:00+00:00,2013-01-28 00:00:00+00:00,2,0 days 00:00:00.000000000
timob,2013 Sprint 03,2013-01-28 00:00:00+00:00,2013-02-11 00:00:00+00:00,6,14 days 00:00:00.000000000
timob,2013 Sprint 03 BB,2013-02-11 00:00:00+00:00,2013-02-11 00:00:00+00:00,4,0 days 00:00:00.000000000
timob,2013 Sprint 03 Core,2013-02-11 00:00:00+00:00,2013-02-11 00:00:00+00:00,2,0 days 00:00:00.000000000
timob,2013 Sprint 04,2013-02-11 00:00:00+00:00,2013-02-25 00:00:00+00:00,12,14 days 00:00:00.000000000
timob,2013 Sprint 04 API,2013-02-25 00:00:00+00:00,2013-02-25 00:00:00+00:00,2,0 days 00:00:00.000000000
timob,2013 Sprint 04 BB,2013-02-25 00:00:00+00:00,2013-02-25 00:00:00+00:00,6,0 days 00:00:00.000000000
timob,2013 Sprint 04 JS,2013-02-25 00:00:00+00:00,2013-02-25 00:00:00+00:00,4,0 days 00:00:00.000000000
timob,2013 Sprint 05,2013-02-25 00:00:00+00:00,2013-03-11 00:00:00+00:00,10,14 days 00:00:00.000000000
timob,2013 Sprint 05 BB,2013-03-11 00:00:00+00:00,2013-03-11 00:00:00+00:00,10,0 days 00:00:00.000000000
timob,2013 Sprint 06,2013-03-11 00:00:00+00:00,2013-03-25 00:00:00+00:00,16,14 days 00:00:00.000000000
timob,2013 Sprint 06 BB,2013-03-25 00:00:00+00:00,2013-03-25 00:00:00+00:00,16,0 days 00:00:00.000000000
timob,2013 Sprint 07,2013-03-25 00:00:00+00:00,2013-04-08 00:00:00+00:00,10,14 days 00:00:00.000000000
timob,2013 Sprint 07 BB,2013-04-08 00:00:00+00:00,2013-04-08 00:00:00+00:00,10,0 days 00:00:00.000000000
timob,2013 Sprint 08,2013-04-08 00:00:00+00:00,2013-04-22 00:00:00+00:00,8,14 days 00:00:00.000000000
timob,2013 Sprint 08 API,2013-04-22 00:00:00+00:00,2013-04-22 00:00:00+00:00,2,0 days 00:00:00.000000000
timob,2013 Sprint 08 BB,2013-04-22 00:00:00+00:00,2013-04-22 00:00:00+00:00,6,0 days 00:00:00.000000000
timob,2013 Sprint 09,2013-04-22 00:00:00+00:00,2013-05-06 00:00:00+00:00,6,14 days 00:00:00.000000000
timob,2013 Sprint 09 BB,2013-05-06 00:00:00+00:00,2013-05-06 00:00:00+00:00,6,0 days 00:00:00.000000000
timob,2013 Sprint 10,2013-05-06 00:00:00+00:00,2013-05-20 00:00:00+00:00,2,14 days 00:00:00.000000000
timob,2013 Sprint 10 BB,2013-05-20 00:00:00+00:00,2013-05-20 00:00:00+00:00,2,0 days 00:00:00.000000000
timob,2013 Sprint 12,2013-05-20 00:00:00+00:00,2013-06-17 00:00:00+00:00,4,28 days 00:00:00.000000000
timob,2013 Sprint 12 BB,2013-06-17 00:00:00+00:00,2013-06-17 00:00:00+00:00,4,0 days 00:00:00.000000000
timob,2013 Sprint 13,2013-06-17 00:00:00+00:00,2013-07-01 00:00:00+00:00,9,14 days 00:00:00.000000000
timob,2013 Sprint 13 BB,2013-07-01 00:00:00+00:00,2013-07-01 00:00:00+00:00,8,0 days 00:00:00.000000000
timob,2013 Sprint 14,2013-07-01 00:00:00+00:00,2013-07-15 00:00:00+00:00,4,14 days 00:00:00.000000000
timob,2013 Sprint 14 API,2013-07-15 00:00:00+00:00,2013-07-15 00:00:00+00:00,2,0 days 00:00:00.000000000
timob,2013 Sprint 14 Tooling,2013-07-15 00:00:00+00:00,2013-07-15 00:00:00+00:00,2,0 days 00:00:00.000000000
timob,2013 Sprint 15,2013-07-15 00:00:00+00:00,2013-07-29 00:00:00+00:00,10,14 days 00:00:00.000000000
timob,2013 Sprint 15 API,2013-07-29 00:00:00+00:00,2013-07-29 00:00:00+00:00,6,0 days 00:00:00.000000000
timob,2013 Sprint 15 Tooling,2013-07-29 00:00:00+00:00,2013-07-29 00:00:00+00:00,4,0 days 00:00:00.000000000
timob,2013 Sprint 16,2013-07-29 00:00:00+00:00,2013-08-12 00:00:00+00:00,8,14 days 00:00:00.000000000
timob,2013 Sprint 16 API,2013-08-12 00:00:00+00:00,2013-08-12 00:00:00+00:00,5,0 days 00:00:00.000000000
timob,2013 Sprint 16 Core,2013-08-12 00:00:00+00:00,2013-08-12 00:00:00+00:00,2,0 days 00:00:00.000000000
timob,2013 Sprint 18,2013-08-12 00:00:00+00:00,2013-09-06 00:00:00+00:00,50,25 days 00:00:00.000000000
timob,2013 Sprint 18 API,2013-09-06 00:00:00+00:00,2013-09-06 00:00:00+00:00,2,0 days 00:00:00.000000000
timob,2013 Sprint 18 Core,2013-09-06 00:00:00+00:00,2013-09-06 00:00:00+00:00,44,0 days 00:00:00.000000000
timob,2013 Sprint 18 Tooling,2013-09-06 00:00:00+00:00,2013-09-06 00:00:00+00:00,4,0 days 00:00:00.000000000
timob,2013 Sprint 19,2013-09-06 00:00:00+00:00,2013-09-20 00:00:00+00:00,4,14 days 00:00:00.000000000
timob,2013 Sprint 19 Core,2013-09-20 00:00:00+00:00,2013-09-20 00:00:00+00:00,4,0 days 00:00:00.000000000
timob,2013 Sprint 20,2013-09-20 00:00:00+00:00,2013-10-04 00:00:00+00:00,16,14 days 00:00:00.000000000
timob,2013 Sprint 20 API,2013-10-04 00:00:00+00:00,2013-10-04 00:00:00+00:00,2,0 days 00:00:00.000000000
timob,2013 Sprint 20 Core,2013-10-04 00:00:00+00:00,2013-10-04 00:00:00+00:00,8,0 days 00:00:00.000000000
timob,2013 Sprint 20 Tooling,2013-10-04 00:00:00+00:00,2013-10-04 00:00:00+00:00,6,0 days 00:00:00.000000000
timob,2013 Sprint 21,2013-10-04 00:00:00+00:00,2013-10-18 00:00:00+00:00,64,14 days 00:00:00.000000000
timob,2013 Sprint 21 Core,2013-10-18 00:00:00+00:00,2013-10-18 00:00:00+00:00,64,0 days 00:00:00.000000000
timob,2013 Sprint 22,2013-10-18 00:00:00+00:00,2013-11-01 00:00:00+00:00,8,14 days 00:00:00.000000000
timob,2013 Sprint 22 API,2013-11-01 00:00:00+00:00,2013-11-01 00:00:00+00:00,2,0 days 00:00:00.000000000
timob,2013 Sprint 22 Core,2013-11-01 00:00:00+00:00,2013-11-01 00:00:00+00:00,6,0 days 00:00:00.000000000
timob,2013 Sprint 23,2013-11-01 00:00:00+00:00,2013-11-15 00:00:00+00:00,29,14 days 00:00:00.000000000
timob,2013 Sprint 23 API,2013-11-15 00:00:00+00:00,2013-11-15 00:00:00+00:00,4,0 days 00:00:00.000000000
timob,2013 Sprint 23 Core,2013-11-15 00:00:00+00:00,2013-11-15 00:00:00+00:00,20,0 days 00:00:00.000000000
timob,2013 Sprint 23 Tooling,2013-11-15 00:00:00+00:00,2013-11-15 00:00:00+00:00,2,0 days 00:00:00.000000000
timob,2013 Sprint 24,2013-11-15 00:00:00+00:00,2013-11-29 00:00:00+00:00,7,14 days 00:00:00.000000000
timob,2013 Sprint 24 Core,2013-11-29 00:00:00+00:00,2013-11-29 00:00:00+00:00,6,0 days 00:00:00.000000000
timob,2013 Sprint 25,2013-11-29 00:00:00+00:00,2013-12-13 00:00:00+00:00,3,14 days 00:00:00.000000000
timob,2013 Sprint 25 Tooling,2013-12-13 00:00:00+00:00,2013-12-13 00:00:00+00:00,3,0 days 00:00:00.000000000
timob,2013 Sprint 26,2013-12-13 00:00:00+00:00,2014-01-03 00:00:00+00:00,4,21 days 00:00:00.000000000
timob,2013 Sprint 26 Core,2014-01-03 00:00:00+00:00,2014-01-03 00:00:00+00:00,4,0 days 00:00:00.000000000
timob,2014 Sprint 01,2014-01-03 00:00:00+00:00,2014-01-17 00:00:00+00:00,2,14 days 00:00:00.000000000
timob,2014 Sprint 01 API,2014-01-17 00:00:00+00:00,2014-01-17 00:00:00+00:00,2,0 days 00:00:00.000000000
timob,2014 Sprint 05,2014-01-17 00:00:00+00:00,2014-03-14 00:00:00+00:00,2,56 days 00:00:00.000000000
timob,2014 Sprint 05 API,2014-03-14 00:00:00+00:00,2014-03-14 00:00:00+00:00,2,0 days 00:00:00.000000000
timob,2014 Sprint 06,2014-03-14 00:00:00+00:00,2014-03-28 00:00:00+00:00,2,14 days 00:00:00.000000000
timob,2014 Sprint 06 SDK,2014-03-28 00:00:00+00:00,2014-03-28 00:00:00+00:00,2,0 days 00:00:00.000000000
timob,2014 Sprint 07,2014-03-28 00:00:00+00:00,2014-04-11 00:00:00+00:00,2,14 days 00:00:00.000000000
timob,2014 Sprint 07 Tooling,2014-04-11 00:00:00+00:00,2014-04-11 00:00:00+00:00,2,0 days 00:00:00.000000000
tistud,2012 Sprint 02,2012-01-16 23:10:20.689655173+00:00,2012-01-31 00:00:00+00:00,14,14 days 00:49:39.310344827
tistud,2012 Sprint 03,2012-01-31 00:00:00+00:00,2012-02-10 00:00:00+00:00,12,10 days 00:00:00.000000000
tistud,2012 Sprint 04,2012-02-10 00:00:00+00:00,2012-02-24 00:00:00+00:00,15,14 days 00:00:00.000000000
tistud,2012 Sprint 05,2012-02-24 00:00:00+00:00,2012-03-09 00:00:00+00:00,35,14 days 00:00:00.000000000
tistud,2012 Sprint 06,2012-03-09 00:00:00+00:00,2012-03-23 00:00:00+00:00,58,14 days 00:00:00.000000000
tistud,2012 Sprint 07,2012-03-23 00:00:00+00:00,2012-04-06 00:00:00+00:00,29,14 days 00:00:00.000000000
tistud,2012 Sprint 08,2012-04-06 00:00:00+00:00,2012-04-20 00:00:00+00:00,26,14 days 00:00:00.000000000
tistud,2012 Sprint 10,2012-04-20 00:00:00+00:00,2012-05-21 00:00:00+00:00,16,31 days 00:00:00.000000000
tistud,2012 Sprint 09,2012-05-21 00:00:00+00:00,2012-05-31 00:00:00+00:00,17,10 days 00:00:00.000000000
tistud,2012 Sprint 11,2012-05-31 00:00:00+00:00,2012-06-04 00:00:00+00:00,15,4 days 00:00:00.000000000
tistud,2012 Sprint 12,2012-06-04 00:00:00+00:00,2012-06-15 00:00:00+00:00,31,11 days 00:00:00.000000000
tistud,2012 Sprint 13,2012-06-15 00:00:00+00:00,2012-06-29 00:00:00+00:00,21,14 days 00:00:00.000000000
tistud,2012 Sprint 14,2012-06-29 00:00:00+00:00,2012-07-27 00:00:00+00:00,29,28 days 00:00:00.000000000
tistud,2012 Sprint 15,2012-07-27 00:00:00+00:00,2012-07-30 00:00:00+00:00,21,3 days 00:00:00.000000000
tistud,2012 Sprint 16,2012-07-30 00:00:00+00:00,2012-08-13 00:00:00+00:00,40,14 days 00:00:00.000000000
tistud,2012 Sprint 17,2012-08-13 00:00:00+00:00,2012-08-27 00:00:00+00:00,26,14 days 00:00:00.000000000
tistud,2012 Sprint 18,2012-08-27 00:00:00+00:00,2012-09-10 00:00:00+00:00,21,14 days 00:00:00.000000000
tistud,2012 Sprint 19,2012-09-10 00:00:00+00:00,2012-09-24 00:00:00+00:00,35,14 days 00:00:00.000000000
tistud,2012 Sprint 20,2012-09-24 00:00:00+00:00,2012-10-08 00:00:00+00:00,45,14 days 00:00:00.000000000
tistud,2012 Sprint 21,2012-10-08 00:00:00+00:00,2012-10-22 00:00:00+00:00,61,14 days 00:00:00.000000000
tistud,2012 Sprint 22,2012-10-22 00:00:00+00:00,2012-11-05 00:00:00+00:00,43,14 days 00:00:00.000000000
tistud,2012 Sprint 23,2012-11-05 00:00:00+00:00,2012-11-19 00:00:00+00:00,45,14 days 00:00:00.000000000
tistud,2012 Sprint 24,2012-11-19 00:00:00+00:00,2012-12-03 00:00:00+00:00,46,14 days 00:00:00.000000000
tistud,2012 Sprint 25,2012-12-03 00:00:00+00:00,2012-12-17 00:00:00+00:00,69,14 days 00:00:00.000000000
tistud,2012 Sprint 26,2012-12-17 00:00:00+00:00,2012-12-31 00:00:00+00:00,33,14 days 00:00:00.000000000
tistud,2013 Sprint 01,2012-12-31 00:00:00+00:00,2013-01-14 00:00:00+00:00,37,14 days 00:00:00.000000000
tistud,2013 Sprint 02,2013-01-14 00:00:00+00:00,2013-01-28 00:00:00+00:00,25,14 days 00:00:00.000000000
tistud,2013 Sprint 03,2013-01-28 00:00:00+00:00,2013-02-11 00:00:00+00:00,29,14 days 00:00:00.000000000
tistud,2013 Sprint 04,2013-02-11 00:00:00+00:00,2013-02-25 00:00:00+00:00,26,14 days 00:00:00.000000000
tistud,2013 Sprint 05,2013-02-25 00:00:00+00:00,2013-03-11 00:00:00+00:00,17,14 days 00:00:00.000000000
tistud,2013 Sprint 06,2013-03-11 00:00:00+00:00,2013-03-25 00:00:00+00:00,24,14 days 00:00:00.000000000
tistud,2013 Sprint 07,2013-03-25 00:00:00+00:00,2013-04-08 00:00:00+00:00,51,14 days 00:00:00.000000000
tistud,2013 Sprint 08,2013-04-08 00:00:00+00:00,2013-04-22 00:00:00+00:00,39,14 days 00:00:00.000000000
tistud,2013 Sprint 09,2013-04-22 00:00:00+00:00,2013-05-06 00:00:00+00:00,27,14 days 00:00:00.000000000
tistud,2013 Sprint 10,2013-05-06 00:00:00+00:00,2013-05-20 00:00:00+00:00,32,14 days 00:00:00.000000000
tistud,2013 Sprint 11,2013-05-20 00:00:00+00:00,2013-06-03 00:00:00+00:00,16,14 days 00:00:00.000000000
tistud,2013 Sprint 12,2013-06-03 00:00:00+00:00,2013-06-17 00:00:00+00:00,41,14 days 00:00:00.000000000
tistud,2013 Sprint 13,2013-06-17 00:00:00+00:00,2013-07-01 00:00:00+00:00,40,14 days 00:00:00.000000000
tistud,2013 Sprint 14,2013-07-01 00:00:00+00:00,2013-07-15 00:00:00+00:00,21,14 days 00:00:00.000000000
tistud,2013 Sprint 15,2013-07-15 00:00:00+00:00,2013-07-29 00:00:00+00:00,18,14 days 00:00:00.000000000
tistud,2013 Sprint 16,2013-07-29 00:00:00+00:00,2013-08-12 00:00:00+00:00,31,14 days 00:00:00.000000000
tistud,2013 Sprint 17,2013-08-12 00:00:00+00:00,2013-08-23 00:00:00+00:00,38,11 days 00:00:00.000000000
tistud,2013 Sprint 18,2013-08-23 00:00:00+00:00,2013-09-06 00:00:00+00:00,30,14 days 00:00:00.000000000
tistud,2013 Sprint 19,2013-09-06 00:00:00+00:00,2013-09-20 00:00:00+00:00,33,14 days 00:00:00.000000000
tistud,2013 Sprint 20,2013-09-20 00:00:00+00:00,2013-10-04 00:00:00+00:00,23,14 days 00:00:00.000000000
tistud,2013 Sprint 21,2013-10-04 00:00:00+00:00,2013-10-18 00:00:00+00:00,27,14 days 00:00:00.000000000
tistud,2013 Sprint 22,2013-10-18 00:00:00+00:00,2013-11-01 00:00:00+00:00,57,14 days 00:00:00.000000000
tistud,2013 Sprint 23,2013-11-01 00:00:00+00:00,2013-11-15 00:00:00+00:00,62,14 days 00:00:00.000000000
tistud,2013 Sprint 24,2013-11-15 00:00:00+00:00,2013-11-29 00:00:00+00:00,34,14 days 00:00:00.000000000
tistud,2013 Sprint 25,2013-11-29 00:00:00+00:00,2013-12-13 00:00:00+00:00,42,14 days 00:00:00.000000000
tistud,2013 Sprint 26,2013-12-13 00:00:00+00:00,2014-01-03 00:00:00+00:00,22,21 days 00:00:00.000000000
tistud,2014 Sprint 01,2014-01-03 00:00:00+00:00,2014-01-17 00:00:00+00:00,26,14 days 00:00:00.000000000
tistud,2014 Sprint 02,2014-01-17 00:00:00+00:00,2014-01-31 00:00:00+00:00,12,14 days 00:00:00.000000000
tistud,2014 Sprint 03,2014-01-31 00:00:00+00:00,2014-02-14 00:00:00+00:00,15,14 days 00:00:00.000000000
tistud,2014 Sprint 04,2014-02-14 00:00:00+00:00,2014-02-28 00:00:00+00:00,11,14 days 00:00:00.000000000
tistud,2014 Sprint 05,2014-02-28 00:00:00+00:00,2014-03-14 00:00:00+00:00,21,14 days 00:00:00.000000000
tistud,2014 Sprint 06,2014-03-14 00:00:00+00:00,2014-03-28 00:00:00+00:00,17,14 days 00:00:00.000000000
tistud,2014 Sprint 07,2014-03-28 00:00:00+00:00,2014-04-11 00:00:00+00:00,23,14 days 00:00:00.000000000
tistud,2014 Sprint 08,2014-04-11 00:00:00+00:00,2014-04-24 00:00:00+00:00,19,13 days 00:00:00.000000000
xd,Sprint 1,2013-04-15 20:41:22.370000+00:00,2013-04-29 20:41:22.370000+00:00,16,14 days 00:00:00.000000000
xd,Sprint 2,2013-05-06 17:52:35.477000+00:00,2013-05-10 17:52:35.477000+00:00,10,4 days 00:00:00.000000000
xd,Sprint 3,2013-05-15 00:37:45.317000+00:00,2013-05-20 00:37:45.317000+00:00,15,5 days 00:00:00.000000000
xd,Sprint 4,2013-05-20 17:05:45.166000+00:00,2013-05-24 17:05:45.166000+00:00,30,4 days 00:00:00.000000000
xd,Sprint 5,2013-05-28 17:25:32.907000+00:00,2013-06-03 17:25:32.907000+00:00,63,6 days 00:00:00.000000000
xd,Sprint 6,2013-06-03 19:45:19.060000+00:00,2013-06-12 19:45:00+00:00,89,8 days 23:59:40.940000000
xd,Sprint 7,2013-06-18 11:37:48.461000+00:00,2013-06-21 11:37:48.461000+00:00,13,3 days 00:00:00.000000000
xd,Sprint 8,2013-06-25 21:53:02.156000+00:00,2013-06-28 21:53:02.156000+00:00,36,3 days 00:00:00.000000000
xd,Sprint 9,2013-07-01 18:00:54.833000+00:00,2013-07-05 18:00:54.833000+00:00,105,4 days 00:00:00.000000000
xd,Sprint 10,2013-07-08 17:29:14.200000+00:00,2013-07-12 17:29:14.200000+00:00,118,4 days 00:00:00.000000000
xd,Sprint 11,2013-07-16 13:07:24.219000+00:00,2013-07-19 13:07:24.219000+00:00,82,3 days 00:00:00.000000000
xd,Sprint 12,2013-07-22 17:07:04.657000+00:00,2013-07-31 17:07:00+00:00,115,8 days 23:59:55.343000000
xd,Sprint 13,2013-08-12 16:26:28.304000+00:00,2013-08-20 16:26:00+00:00,18,7 days 23:59:31.696000000
xd,Sprint 14,2013-08-20 21:38:41.391000+00:00,2013-08-29 17:21:00+00:00,31,8 days 19:42:18.609000000
xd,Sprint 15,2013-08-29 17:38:29.922000+00:00,2013-09-05 17:38:29.922000+00:00,30,7 days 00:00:00.000000000
xd,Sprint 16,2013-09-18 16:36:49.519000+00:00,2013-10-10 16:36:00+00:00,40,21 days 23:59:10.481000000
xd,Sprint 17,2013-10-11 16:05:23.650000+00:00,2013-10-18 16:05:23.650000+00:00,29,7 days 00:00:00.000000000
xd,Sprint 18,2013-10-23 16:12:37.406000+00:00,2013-11-12 17:12:00+00:00,50,20 days 00:59:22.594000000
xd,Sprint 19,2013-11-19 15:43:59.458000+00:00,2013-12-10 15:43:59.458000+00:00,88,21 days 00:00:00.000000000
xd,Sprint 20,2013-12-13 17:15:57.945000+00:00,2014-01-10 17:15:00+00:00,59,27 days 23:59:02.055000000
xd,Sprint 21,2014-01-14 20:15:01.789000+00:00,2014-02-10 20:02:00+00:00,63,26 days 23:46:58.211000000
xd,Sprint 22,2014-02-12 15:46:16.242000+00:00,2014-03-04 15:46:00+00:00,39,19 days 23:59:43.758000000
xd,Sprint 23,2014-03-04 20:30:13.270000+00:00,2014-03-18 19:30:00+00:00,27,13 days 22:59:46.730000000
xd,Sprint 24,2014-03-19 01:46:08.444000+00:00,2014-04-04 01:46:00+00:00,101,15 days 23:59:51.556000000
xd,Sprint 25,2014-04-03 21:50:30.577000+00:00,2014-04-15 21:50:00+00:00,103,11 days 23:59:29.423000000
xd,Sprint 26,2014-04-17 21:00:15.115000+00:00,2014-04-30 21:00:00+00:00,104,12 days 23:59:44.885000000
xd,Sprint 27,2014-04-30 22:50:45.900000+00:00,2014-05-21 22:50:00+00:00,174,20 days 23:59:14.100000000
xd,Sprint 28,2014-05-21 20:53:08.503000+00:00,2014-05-30 20:53:00+00:00,63,8 days 23:59:51.497000000
xd,Sprint 29,2014-06-04 14:08:00.788000+00:00,2014-06-12 14:08:00+00:00,25,7 days 23:59:59.212000000
xd,Sprint 30,2014-06-12 16:10:24.250000+00:00,2014-07-01 16:10:00+00:00,81,18 days 23:59:35.750000000
xd,Sprint 31,2014-07-01 19:50:22.260000+00:00,2014-07-18 19:50:00+00:00,76,16 days 23:59:37.740000000
xd,Sprint 32,2014-07-21 15:28:54.304000+00:00,2014-07-29 15:28:00+00:00,66,7 days 23:59:05.696000000
xd,Sprint 33,2014-08-06 00:06:42.832000+00:00,2014-08-26 00:06:00+00:00,9,19 days 23:59:17.168000000
xd,Sprint 34,2014-08-27 18:08:12.668000+00:00,2014-09-19 18:08:00+00:00,10,22 days 23:59:47.332000000
xd,Sprint 35,2014-09-22 17:29:11.228000+00:00,2014-09-30 17:29:00+00:00,13,7 days 23:59:48.772000000
xd,Sprint 36,2014-10-06 19:22:27.837000+00:00,2014-10-18 06:23:00+00:00,28,11 days 11:00:32.163000000
xd,Sprint 37,2014-10-20 18:06:25.222000+00:00,2014-11-01 01:06:00+00:00,38,11 days 06:59:34.778000000
xd,Sprint 38,2014-11-03 20:09:29.715000+00:00,2014-11-19 05:09:00+00:00,60,15 days 08:59:30.285000000
xd,Sprint 39,2014-11-21 01:08:00+00:00,2014-12-06 05:08:00+00:00,27,15 days 04:00:00.000000000
xd,Sprint 40,2014-12-08 19:18:09.888000+00:00,2014-12-23 07:18:00+00:00,48,14 days 11:59:50.112000000
xd,Sprint 41,2015-01-05 18:27:36.017000+00:00,2015-01-29 06:27:00+00:00,61,23 days 11:59:23.983000000
xd,Sprint 42,2015-01-29 20:09:13.198000+00:00,2015-02-07 07:09:00+00:00,38,8 days 10:59:46.802000000
xd,Sprint 43,2015-02-12 00:27:04.161000+00:00,2015-02-21 06:27:00+00:00,6,9 days 05:59:55.839000000
xd,Sprint 44,2015-02-23 17:11:58.877000+00:00,2015-03-07 02:30:00+00:00,35,11 days 09:18:01.123000000
xd,Sprint 45,2015-03-09 16:32:38.633000+00:00,2015-03-21 01:32:00+00:00,25,11 days 08:59:21.367000000
xd,Sprint 46,2015-03-23 17:04:18.741000+00:00,2015-04-04 01:04:00+00:00,27,11 days 07:59:41.259000000
xd,Sprint 47,2015-04-06 17:22:32.410000+00:00,2015-04-25 01:22:00+00:00,34,18 days 07:59:27.590000000
xd,Sprint 48,2015-04-27 17:13:09.348000+00:00,2015-05-09 00:13:00+00:00,28,11 days 06:59:50.652000000
xd,Sprint 49,2015-05-11 18:10:21.523000+00:00,2015-05-22 23:10:00+00:00,64,11 days 04:59:38.477000000
xd,Sprint 50,2015-05-26 17:04:32.601000+00:00,2015-06-09 01:04:00+00:00,48,13 days 07:59:27.399000000
xd,Sprint 51,2015-06-09 15:53:44.142000+00:00,2015-06-22 23:23:00+00:00,28,13 days 07:29:15.858000000
xd,Sprint 52,2015-06-23 16:05:37.025000+00:00,2015-07-08 00:35:00+00:00,18,14 days 08:29:22.975000000
xd,Sprint 53,2015-07-08 19:49:30.751000+00:00,2015-07-21 23:19:00+00:00,31,13 days 03:29:29.249000000
xd,Sprint 54,2015-07-22 16:10:55.783000+00:00,2015-08-05 02:00:00+00:00,18,13 days 09:49:04.217000000
xd,Sprint 55,2015-08-05 17:57:28.773000+00:00,2015-08-19 00:47:00+00:00,32,13 days 06:49:31.227000000
xd,Sprint 56,2015-08-19 16:18:50.173000+00:00,2015-09-02 00:08:00+00:00,28,13 days 07:49:09.827000000
xd,Sprint 57,2015-09-02 15:40:12.567000+00:00,2015-09-16 23:30:00+00:00,29,14 days 07:49:47.433000000
xd,Sprint 58,2015-09-21 17:01:06.207000+00:00,2015-10-03 00:51:00+00:00,21,11 days 07:49:53.793000000
xd,Sprint 59,2015-10-05 16:54:14.761000+00:00,2015-10-17 00:44:00+00:00,17,11 days 07:49:45.239000000
xd,Sprint 60,2015-10-19 17:04:56.465000+00:00,2015-10-31 00:00:00+00:00,29,11 days 06:55:03.535000000
xd,Sprint 61,2015-11-02 17:41:25.157000+00:00,2015-11-14 00:37:00+00:00,16,11 days 06:55:34.843000000
xd,Sprint 62,2015-11-16 16:10:26.278000+00:00,2015-11-27 17:06:00+00:00,12,11 days 00:55:33.722000000
xd,Sprint 63,2015-11-30 16:32:01.258000+00:00,2015-12-11 17:28:00+00:00,8,11 days 00:55:58.742000000
xd,Sprint 64,2015-12-17 18:20:12.425000+00:00,2015-12-26 02:16:00+00:00,5,8 days 07:55:47.575000000
xd,Sprint 67,2016-02-01 17:20:13.656000+00:00,2016-02-13 01:16:00+00:00,9,11 days 07:55:46.344000000
xd,Sprint 68,2016-02-16 00:38:45.289000+00:00,2016-02-26 08:34:00+00:00,7,10 days 07:55:14.711000000
